,0,1,2,3,4,5,6,7,8,9,10,11,12,13,14,15,16,17
0,0.0,0.0,0.0,0.0,0.0,0.0,1.0,0.0,0.0,0.0,0.0,0.0,0.0,0.0,0.0,0.0,0.0,0.0
1,0.0,0.0,0.0,0.0,0.0,0.0,0.0,0.0,0.0,0.0,0.0,0.0,0.0,0.0,0.0,0.0,0.0,0.0
2,0.0,0.0,0.0,0.0,0.0,0.0,0.5,0.0,0.0,0.0,0.0,0.0,0.0,0.0,0.0,0.0,0.0,0.0
3,0.0,0.0,0.3333333333333333,0.0,0.0,0.0,0.3333333333333333,0.0,0.0,0.3333333333333333,0.0,0.0,0.0,0.0,0.0,0.0,0.0,0.0
4,0.2,0.0,0.5,0.0,0.0,0.0,0.25,0.0,0.0,0.25,0.0,0.0,0.0,0.0,0.0,0.0,0.0,0.0
5,0.16666666666666666,0.0,0.4,0.0,0.0,0.0,0.2,0.0,0.0,0.2,0.0,0.0,0.0,0.0,0.0,0.0,0.0,0.0
6,0.2857142857142857,0.0,0.5,0.0,0.0,0.0,0.16666666666666666,0.0,0.0,0.16666666666666666,0.0,0.0,0.0,0.0,0.0,0.0,0.0,0.0
7,0.25,0.0,0.42857142857142855,0.14285714285714285,0.0,0.0,0.14285714285714285,0.0,0.0,0.2857142857142857,0.0,0.14285714285714285,0.0,0.0,0.0,0.0,0.0,0.0
8,0.2222222222222222,0.0,0.375,0.125,0.0,0.0,0.125,0.0,0.125,0.25,0.125,0.125,0.0,0.0,0.0,0.0,0.0,0.0
9,0.2,0.0,0.3333333333333333,0.1111111111111111,0.0,0.0,0.1111111111111111,0.0,0.1111111111111111,0.2222222222222222,0.1111111111111111,0.1111111111111111,0.0,0.0,0.0,0.0,0.0,0.0
10,0.2,1.0,0.3,0.2,0.0,0.0,0.1,0.0,0.1,0.2,0.1,0.1,0.0,0.0,0.0,0.0,0.0,0.0
11,0.2,0.5,0.2727272727272727,0.18181818181818182,0.0,0.0,0.09090909090909091,0.0,0.09090909090909091,0.18181818181818182,0.09090909090909091,0.09090909090909091,0.0,0.0,0.0,0.0,0.0,0.0
12,0.2,0.3333333333333333,0.25,0.16666666666666666,0.0,0.0,0.08333333333333333,0.08333333333333333,0.08333333333333333,0.16666666666666666,0.08333333333333333,0.08333333333333333,0.0,0.0,0.0,0.0,0.0,0.0
13,0.2,0.25,0.23076923076923078,0.23076923076923078,0.0,0.0,0.07692307692307693,0.07692307692307693,0.07692307692307693,0.15384615384615385,0.07692307692307693,0.07692307692307693,0.0,0.0,0.0,0.0,0.0,0.0
14,0.2,0.2,0.21428571428571427,0.21428571428571427,0.0,0.0,0.07142857142857142,0.07142857142857142,0.07142857142857142,0.14285714285714285,0.07142857142857142,0.07142857142857142,0.0,0.0,0.0,0.0,0.0,0.0
15,0.2,0.16666666666666666,0.2,0.2,0.0,0.0,0.06666666666666667,0.06666666666666667,0.06666666666666667,0.13333333333333333,0.06666666666666667,0.06666666666666667,0.0,0.0,0.0,0.0,0.0,0.0
16,0.2,0.14285714285714285,0.1875,0.1875,0.0,0.0,0.0625,0.0625,0.0625,0.125,0.0625,0.0625,0.0,0.0,0.0,0.0,0.0,0.0
17,0.2,0.125,0.17647058823529413,0.23529411764705882,0.0,0.0,0.058823529411764705,0.058823529411764705,0.058823529411764705,0.17647058823529413,0.058823529411764705,0.11764705882352941,0.0,0.0,0.0,0.0,0.0,0.0
18,0.2727272727272727,0.125,0.2222222222222222,0.2222222222222222,0.0,0.0,0.05555555555555555,0.05555555555555555,0.05555555555555555,0.16666666666666666,0.05555555555555555,0.1111111111111111,0.0,0.0,0.0,0.0,0.0,0.0
19,0.25,0.125,0.21052631578947367,0.21052631578947367,0.0,0.0,0.05263157894736842,0.05263157894736842,0.05263157894736842,0.15789473684210525,0.05263157894736842,0.10526315789473684,0.0,0.0,0.0,0.0,0.0,0.0
20,0.23076923076923078,0.125,0.2,0.2,0.0,0.0,0.05,0.05,0.05,0.15,0.05,0.1,0.0,0.0,0.0,0.0,0.0,0.0
21,0.21428571428571427,0.125,0.19047619047619047,0.19047619047619047,0.0,0.0,0.047619047619047616,0.09523809523809523,0.047619047619047616,0.14285714285714285,0.047619047619047616,0.09523809523809523,0.0,0.0,0.0,0.0,0.0,0.0
22,0.2,0.125,0.18181818181818182,0.18181818181818182,0.0,0.0,0.045454545454545456,0.09090909090909091,0.045454545454545456,0.13636363636363635,0.045454545454545456,0.09090909090909091,0.0,0.0,0.0,0.0,0.0,0.0
23,0.2,0.1111111111111111,0.17391304347826086,0.17391304347826086,0.0,0.0,0.08695652173913043,0.08695652173913043,0.043478260869565216,0.13043478260869565,0.043478260869565216,0.08695652173913043,0.0,0.0,0.0,0.0,0.0,0.0
24,0.2,0.1,0.16666666666666666,0.16666666666666666,0.0,0.0,0.08333333333333333,0.08333333333333333,0.041666666666666664,0.125,0.041666666666666664,0.08333333333333333,0.0,0.0,0.0,0.0,0.0,0.0
25,0.2,0.18181818181818182,0.16,0.2,0.0,0.0,0.08,0.08,0.04,0.12,0.04,0.08,0.0,0.0,0.0,0.0,0.0,0.0
26,0.2,0.16666666666666666,0.15384615384615385,0.23076923076923078,0.0,0.0,0.07692307692307693,0.07692307692307693,0.038461538461538464,0.11538461538461539,0.038461538461538464,0.07692307692307693,0.0,0.0,0.0,0.0,0.0,0.0
27,0.1875,0.16666666666666666,0.18518518518518517,0.2222222222222222,0.0,0.0,0.07407407407407407,0.07407407407407407,0.037037037037037035,0.1111111111111111,0.037037037037037035,0.07407407407407407,0.0,0.0,0.0,0.0,0.0,0.0
28,0.17647058823529413,0.16666666666666666,0.17857142857142858,0.21428571428571427,0.0,0.0,0.07142857142857142,0.07142857142857142,0.03571428571428571,0.10714285714285714,0.03571428571428571,0.07142857142857142,0.0,0.0,0.0,0.0,0.0,0.0
29,0.16666666666666666,0.16666666666666666,0.1724137931034483,0.20689655172413793,0.0,0.0,0.06896551724137931,0.06896551724137931,0.06896551724137931,0.10344827586206896,0.06896551724137931,0.06896551724137931,0.0,0.0,0.0,0.0,0.0,0.0
30,0.15789473684210525,0.16666666666666666,0.16666666666666666,0.2,0.0,0.0,0.1,0.06666666666666667,0.06666666666666667,0.1,0.06666666666666667,0.06666666666666667,0.0,0.0,0.0,0.0,0.0,0.0
31,0.15,0.16666666666666666,0.16129032258064516,0.1935483870967742,0.0,0.0,0.0967741935483871,0.06451612903225806,0.06451612903225806,0.0967741935483871,0.06451612903225806,0.06451612903225806,0.0,0.0,0.0,0.0,0.0,0.0
32,0.14285714285714285,0.16666666666666666,0.15625,0.1875,0.0,0.0,0.125,0.0625,0.0625,0.09375,0.0625,0.0625,0.0,0.0,0.0,0.0,0.0,0.0
33,0.13636363636363635,0.16666666666666666,0.15151515151515152,0.18181818181818182,0.0,0.0,0.12121212121212122,0.06060606060606061,0.09090909090909091,0.09090909090909091,0.09090909090909091,0.06060606060606061,0.0,0.0,0.0,0.0,0.0,0.0
34,0.13043478260869565,0.16666666666666666,0.14705882352941177,0.17647058823529413,0.0,0.0,0.11764705882352941,0.058823529411764705,0.11764705882352941,0.08823529411764706,0.11764705882352941,0.058823529411764705,0.0,0.0,0.0,0.0,0.0,0.0
35,0.13043478260869565,0.15384615384615385,0.14285714285714285,0.17142857142857143,0.0,0.0,0.11428571428571428,0.05714285714285714,0.11428571428571428,0.08571428571428572,0.11428571428571428,0.05714285714285714,0.0,0.0,0.0,0.0,0.0,0.0
36,0.13043478260869565,0.14285714285714285,0.1388888888888889,0.16666666666666666,0.0,0.0,0.1111111111111111,0.08333333333333333,0.1111111111111111,0.08333333333333333,0.1111111111111111,0.05555555555555555,0.0,0.0,0.0,0.0,0.0,0.0
37,0.13043478260869565,0.13333333333333333,0.13513513513513514,0.16216216216216217,0.0,0.0,0.10810810810810811,0.08108108108108109,0.10810810810810811,0.08108108108108109,0.10810810810810811,0.05405405405405406,0.0,0.0,0.0,0.0,0.0,0.0
38,0.13043478260869565,0.125,0.13157894736842105,0.15789473684210525,0.0,0.0,0.10526315789473684,0.07894736842105263,0.10526315789473684,0.07894736842105263,0.10526315789473684,0.05263157894736842,0.0,0.0,0.0,0.0,0.0,0.0
39,0.13043478260869565,0.11764705882352941,0.1282051282051282,0.15384615384615385,0.0,0.0,0.10256410256410256,0.07692307692307693,0.10256410256410256,0.07692307692307693,0.10256410256410256,0.05128205128205128,0.0,0.0,0.0,0.0,0.0,0.0
40,0.125,0.11764705882352941,0.15,0.15,0.0,0.0,0.1,0.075,0.1,0.1,0.1,0.05,0.0,0.0,0.0,0.0,0.0,0.0
41,0.12,0.11764705882352941,0.14634146341463414,0.14634146341463414,0.0,0.0,0.0975609756097561,0.0975609756097561,0.0975609756097561,0.12195121951219512,0.0975609756097561,0.04878048780487805,0.0,0.0,0.0,0.0,0.0,0.0
42,0.11538461538461539,0.11764705882352941,0.16666666666666666,0.14285714285714285,0.0,0.0,0.09523809523809523,0.09523809523809523,0.09523809523809523,0.11904761904761904,0.09523809523809523,0.047619047619047616,0.0,0.0,0.0,0.0,0.0,0.0
43,0.1111111111111111,0.11764705882352941,0.16279069767441862,0.13953488372093023,0.0,0.0,0.09302325581395349,0.09302325581395349,0.09302325581395349,0.11627906976744186,0.09302325581395349,0.046511627906976744,0.0,0.0,0.0,0.0,0.0,0.0
44,0.10714285714285714,0.11764705882352941,0.15909090909090912,0.13636363636363635,0.0,0.0,0.09090909090909091,0.09090909090909091,0.09090909090909091,0.13636363636363635,0.09090909090909091,0.045454545454545456,0.0,0.0,0.0,0.0,0.0,0.0
45,0.10714285714285714,0.1111111111111111,0.15555555555555559,0.13333333333333333,0.0,0.0,0.08888888888888889,0.08888888888888889,0.08888888888888889,0.13333333333333333,0.08888888888888889,0.044444444444444446,0.0,0.0,0.0,0.0,0.0,0.0
46,0.10714285714285714,0.10526315789473684,0.1521739130434783,0.13043478260869565,0.0,0.021739130434782608,0.08695652173913043,0.10869565217391304,0.08695652173913043,0.13043478260869565,0.08695652173913043,0.043478260869565216,0.0,0.0,0.0,0.0,0.0,0.0
47,0.10714285714285714,0.15,0.148936170212766,0.14893617021276595,0.0,0.02127659574468085,0.0851063829787234,0.10638297872340426,0.0851063829787234,0.1276595744680851,0.0851063829787234,0.0425531914893617,0.0,0.0,0.0,0.0,0.0,0.0
48,0.10714285714285714,0.14285714285714285,0.1458333333333334,0.14583333333333334,0.0,0.020833333333333332,0.08333333333333333,0.125,0.08333333333333333,0.12499999999999999,0.08333333333333333,0.041666666666666664,0.0,0.0,0.0,0.0,0.0,0.0
49,0.10714285714285714,0.13636363636363635,0.16326530612244905,0.14285714285714285,0.0,0.02040816326530612,0.08163265306122448,0.12244897959183673,0.08163265306122448,0.14285714285714285,0.08163265306122448,0.04081632653061224,0.0,0.0,0.0,0.0,0.0,0.0
50,0.10714285714285714,0.13043478260869565,0.16000000000000006,0.14,0.0,0.019999999999999997,0.07999999999999999,0.14,0.07999999999999999,0.14,0.07999999999999999,0.039999999999999994,0.02,0.0,0.02,0.0,0.0,0.0
51,0.10344827586206896,0.13043478260869565,0.1568627450980393,0.13725490196078433,0.0,0.019607843137254898,0.07843137254901959,0.13725490196078433,0.07843137254901959,0.13725490196078433,0.07843137254901959,0.039215686274509796,0.0196078431372549,0.0,0.0196078431372549,0.0,0.0,0.0
52,0.1,0.13043478260869565,0.1538461538461539,0.13461538461538464,0.0,0.019230769230769225,0.0769230769230769,0.13461538461538464,0.0769230769230769,0.13461538461538464,0.0769230769230769,0.03846153846153845,0.019230769230769232,0.0,0.019230769230769232,0.0,0.0,0.0
53,0.0967741935483871,0.13043478260869565,0.15094339622641517,0.13207547169811323,0.0,0.01886792452830188,0.07547169811320752,0.13207547169811323,0.07547169811320752,0.13207547169811323,0.07547169811320752,0.03773584905660376,0.018867924528301886,0.0,0.018867924528301886,0.0,0.0,0.0
54,0.09375,0.13043478260869565,0.14814814814814822,0.12962962962962965,0.0,0.01851851851851851,0.07407407407407404,0.12962962962962965,0.09259259259259256,0.12962962962962965,0.07407407407407404,0.03703703703703702,0.018518518518518517,0.0,0.018518518518518517,0.0,0.0,0.0
55,0.09090909090909091,0.13043478260869565,0.14545454545454553,0.1272727272727273,0.0,0.018181818181818174,0.0727272727272727,0.1272727272727273,0.10909090909090906,0.1272727272727273,0.09090909090909087,0.03636363636363635,0.01818181818181818,0.0,0.01818181818181818,0.0,0.0,0.0
56,0.08823529411764706,0.13043478260869565,0.14285714285714293,0.12500000000000003,0.0,0.01785714285714285,0.08928571428571426,0.12500000000000003,0.12499999999999997,0.12500000000000003,0.08928571428571426,0.0357142857142857,0.017857142857142856,0.0,0.017857142857142856,0.0,0.0,0.0
57,0.08571428571428572,0.13043478260869565,0.14035087719298253,0.12280701754385968,0.0,0.0175438596491228,0.087719298245614,0.12280701754385968,0.12280701754385961,0.14035087719298248,0.087719298245614,0.0350877192982456,0.017543859649122806,0.0,0.017543859649122806,0.0,0.0,0.0
58,0.08333333333333333,0.13043478260869565,0.13793103448275867,0.13793103448275865,0.0,0.01724137931034482,0.0862068965517241,0.12068965517241383,0.12068965517241376,0.15517241379310348,0.0862068965517241,0.05172413793103447,0.017241379310344827,0.0,0.017241379310344827,0.0,0.0,0.0
59,0.08108108108108109,0.13043478260869565,0.1355932203389831,0.15254237288135597,0.0,0.016949152542372874,0.08474576271186438,0.1186440677966102,0.11864406779661014,0.16949152542372883,0.08474576271186438,0.06779661016949151,0.01694915254237288,0.0,0.01694915254237288,0.0,0.0,0.0
60,0.07894736842105263,0.13043478260869565,0.15000000000000005,0.15000000000000002,0.0,0.01666666666666666,0.0833333333333333,0.1166666666666667,0.11666666666666664,0.16666666666666669,0.0833333333333333,0.06666666666666665,0.016666666666666666,0.016666666666666666,0.016666666666666666,0.0,0.0,0.016666666666666666
61,0.07692307692307693,0.13043478260869565,0.14754098360655743,0.1475409836065574,0.0,0.016393442622950814,0.08196721311475406,0.11475409836065577,0.11475409836065571,0.1639344262295082,0.08196721311475406,0.06557377049180327,0.01639344262295082,0.01639344262295082,0.01639344262295082,0.0,0.0,0.01639344262295082
62,0.075,0.13043478260869565,0.1451612903225807,0.14516129032258068,0.0,0.016129032258064512,0.08064516129032255,0.12903225806451615,0.1290322580645161,0.16129032258064518,0.09677419354838707,0.06451612903225806,0.016129032258064516,0.016129032258064516,0.016129032258064516,0.0,0.0,0.016129032258064516
63,0.075,0.16666666666666666,0.1428571428571429,0.15873015873015875,0.0,0.01587301587301587,0.07936507936507933,0.126984126984127,0.12698412698412695,0.15873015873015875,0.0952380952380952,0.06349206349206349,0.015873015873015872,0.015873015873015872,0.015873015873015872,0.0,0.0,0.015873015873015872
64,0.075,0.2,0.14062500000000006,0.17187500000000003,0.0,0.015624999999999997,0.07812499999999997,0.12500000000000003,0.12499999999999997,0.15625000000000003,0.09374999999999997,0.0625,0.015625,0.015625,0.015625,0.0,0.0,0.015625
65,0.075,0.19230769230769232,0.13846153846153852,0.16923076923076927,0.0,0.015384615384615382,0.0769230769230769,0.1230769230769231,0.12307692307692306,0.16923076923076927,0.09230769230769229,0.07692307692307693,0.015384615384615385,0.015384615384615385,0.015384615384615385,0.0,0.0,0.015384615384615385
66,0.075,0.18518518518518517,0.1363636363636364,0.16666666666666669,0.0,0.015151515151515148,0.07575757575757573,0.12121212121212124,0.12121212121212119,0.16666666666666669,0.09090909090909088,0.07575757575757576,0.015151515151515152,0.015151515151515152,0.015151515151515152,0.0,0.0,0.015151515151515152
67,0.0975609756097561,0.18518518518518517,0.14925373134328362,0.16417910447761197,0.0,0.014925373134328354,0.07462686567164177,0.11940298507462689,0.11940298507462684,0.16417910447761197,0.08955223880597012,0.07462686567164178,0.014925373134328358,0.014925373134328358,0.014925373134328358,0.0,0.0,0.014925373134328358
68,0.09523809523809523,0.18518518518518517,0.14705882352941183,0.16176470588235298,0.0,0.014705882352941173,0.07352941176470586,0.11764705882352944,0.11764705882352938,0.16176470588235298,0.08823529411764704,0.07352941176470588,0.014705882352941176,0.014705882352941176,0.014705882352941176,0.0,0.0,0.014705882352941176
69,0.09302325581395349,0.18518518518518517,0.14492753623188412,0.1739130434782609,0.0,0.014492753623188403,0.072463768115942,0.11594202898550728,0.11594202898550722,0.15942028985507248,0.0869565217391304,0.07246376811594203,0.014492753623188406,0.014492753623188406,0.014492753623188406,0.0,0.0,0.014492753623188406
70,0.09090909090909091,0.18518518518518517,0.1428571428571429,0.17142857142857146,0.0,0.014285714285714282,0.08571428571428569,0.11428571428571431,0.11428571428571425,0.15714285714285717,0.08571428571428569,0.07142857142857142,0.014285714285714285,0.014285714285714285,0.014285714285714285,0.0,0.0,0.014285714285714285
71,0.1111111111111111,0.18518518518518517,0.15492957746478878,0.16901408450704228,0.0,0.014084507042253518,0.0845070422535211,0.1126760563380282,0.11267605633802814,0.15492957746478875,0.0845070422535211,0.07042253521126761,0.014084507042253521,0.014084507042253521,0.014084507042253521,0.0,0.0,0.014084507042253521
72,0.10869565217391304,0.18518518518518517,0.15277777777777782,0.16666666666666669,0.0,0.013888888888888886,0.0972222222222222,0.11111111111111113,0.11111111111111109,0.1527777777777778,0.08333333333333331,0.06944444444444445,0.013888888888888888,0.013888888888888888,0.013888888888888888,0.0,0.0,0.013888888888888888
73,0.10638297872340426,0.18518518518518517,0.15068493150684936,0.16438356164383564,0.0,0.013698630136986299,0.10958904109589039,0.10958904109589043,0.10958904109589039,0.1506849315068493,0.08219178082191779,0.0684931506849315,0.0136986301369863,0.0136986301369863,0.0136986301369863,0.0,0.0,0.0136986301369863
74,0.10416666666666667,0.18518518518518517,0.14864864864864868,0.1621621621621622,0.0,0.01351351351351351,0.10810810810810809,0.10810810810810813,0.10810810810810809,0.14864864864864866,0.08108108108108106,0.06756756756756757,0.013513513513513514,0.02702702702702703,0.013513513513513514,0.013513513513513514,0.0,0.013513513513513514
75,0.10416666666666667,0.17857142857142858,0.14666666666666672,0.16000000000000006,0.0,0.01333333333333333,0.10666666666666665,0.10666666666666669,0.10666666666666665,0.14666666666666667,0.07999999999999997,0.06666666666666667,0.013333333333333334,0.02666666666666667,0.013333333333333334,0.013333333333333334,0.0,0.013333333333333334
76,0.10416666666666667,0.1724137931034483,0.1447368421052632,0.1578947368421053,0.0,0.013157894736842103,0.10526315789473682,0.10526315789473686,0.10526315789473682,0.14473684210526316,0.07894736842105261,0.06578947368421052,0.013157894736842105,0.02631578947368421,0.013157894736842105,0.013157894736842105,0.0,0.013157894736842105
77,0.10416666666666667,0.16666666666666666,0.14285714285714288,0.1688311688311689,0.0,0.012987012987012984,0.10389610389610388,0.10389610389610392,0.10389610389610388,0.14285714285714285,0.07792207792207789,0.06493506493506493,0.012987012987012988,0.025974025974025976,0.012987012987012988,0.012987012987012988,0.0,0.012987012987012988
78,0.10416666666666667,0.16129032258064516,0.14102564102564105,0.1666666666666667,0.0,0.012820512820512818,0.11538461538461536,0.10256410256410259,0.10256410256410255,0.14102564102564102,0.07692307692307689,0.0641025641025641,0.01282051282051282,0.02564102564102564,0.01282051282051282,0.01282051282051282,0.0,0.01282051282051282
79,0.10204081632653061,0.16129032258064516,0.13924050632911394,0.1645569620253165,0.0,0.012658227848101262,0.11392405063291138,0.10126582278481015,0.1012658227848101,0.13924050632911392,0.07594936708860756,0.06329113924050633,0.012658227848101266,0.02531645569620253,0.012658227848101266,0.012658227848101266,0.0,0.012658227848101266
80,0.1,0.16129032258064516,0.1375,0.16250000000000003,0.0,0.012499999999999995,0.11249999999999998,0.10000000000000002,0.09999999999999996,0.1375,0.07499999999999996,0.0625,0.0125,0.025,0.0125,0.0125,0.0,0.0125
81,0.11764705882352941,0.16129032258064516,0.14814814814814814,0.16049382716049387,0.0,0.012345679012345675,0.11111111111111109,0.09876543209876545,0.0987654320987654,0.13580246913580246,0.07407407407407403,0.06172839506172839,0.012345679012345678,0.024691358024691357,0.012345679012345678,0.012345679012345678,0.0,0.012345679012345678
82,0.11538461538461539,0.16129032258064516,0.14634146341463414,0.1585365853658537,0.0,0.012195121951219507,0.10975609756097558,0.09756097560975611,0.09756097560975606,0.13414634146341464,0.07317073170731703,0.06097560975609756,0.012195121951219513,0.024390243902439025,0.012195121951219513,0.012195121951219513,0.0,0.012195121951219513
83,0.11320754716981132,0.16129032258064516,0.14457831325301204,0.16867469879518074,0.0,0.012048192771084333,0.10843373493975901,0.09638554216867472,0.09638554216867466,0.14457831325301204,0.07228915662650598,0.07228915662650602,0.012048192771084338,0.024096385542168676,0.012048192771084338,0.012048192771084338,0.0,0.012048192771084338
84,0.1111111111111111,0.16129032258064516,0.14285714285714285,0.16666666666666669,0.0,0.0119047619047619,0.10714285714285712,0.10714285714285716,0.0952380952380952,0.14285714285714285,0.07142857142857138,0.07142857142857142,0.011904761904761904,0.03571428571428571,0.011904761904761904,0.011904761904761904,0.0,0.023809523809523808
85,0.10909090909090909,0.16129032258064516,0.1411764705882353,0.1647058823529412,0.0,0.011764705882352938,0.10588235294117646,0.11764705882352944,0.0941176470588235,0.1411764705882353,0.0705882352941176,0.07058823529411765,0.011764705882352941,0.03529411764705882,0.011764705882352941,0.011764705882352941,0.0,0.023529411764705882
86,0.10714285714285714,0.16129032258064516,0.13953488372093023,0.16279069767441862,0.0,0.011627906976744182,0.10465116279069765,0.11627906976744189,0.09302325581395346,0.13953488372093023,0.06976744186046507,0.06976744186046512,0.011627906976744186,0.03488372093023256,0.011627906976744186,0.011627906976744186,0.0,0.023255813953488372
87,0.10714285714285714,0.15625,0.13793103448275862,0.1724137931034483,0.0,0.011494252873563215,0.10344827586206895,0.11494252873563221,0.09195402298850572,0.13793103448275862,0.06896551724137927,0.06896551724137931,0.011494252873563218,0.034482758620689655,0.011494252873563218,0.011494252873563218,0.0,0.022988505747126436
88,0.10714285714285714,0.15151515151515152,0.13636363636363635,0.17045454545454547,0.0,0.01136363636363636,0.10227272727272725,0.11363636363636366,0.09090909090909088,0.14772727272727273,0.06818181818181814,0.07954545454545454,0.011363636363636364,0.03409090909090909,0.011363636363636364,0.011363636363636364,0.0,0.022727272727272728
89,0.10714285714285714,0.14705882352941177,0.14606741573033707,0.16853932584269665,0.0,0.011235955056179773,0.10112359550561796,0.11235955056179778,0.08988764044943819,0.15730337078651685,0.06741573033707861,0.07865168539325842,0.011235955056179775,0.033707865168539325,0.011235955056179775,0.011235955056179775,0.0,0.02247191011235955
90,0.10714285714285714,0.14285714285714285,0.14444444444444443,0.16666666666666669,0.0,0.011111111111111108,0.09999999999999998,0.12222222222222225,0.08888888888888886,0.15555555555555556,0.06666666666666662,0.07777777777777778,0.011111111111111112,0.03333333333333333,0.011111111111111112,0.011111111111111112,0.0,0.022222222222222223
91,0.10714285714285714,0.1388888888888889,0.14285714285714285,0.16483516483516486,0.0,0.010989010989010986,0.09890109890109888,0.1318681318681319,0.08791208791208789,0.15384615384615385,0.0659340659340659,0.07692307692307693,0.01098901098901099,0.03296703296703297,0.01098901098901099,0.01098901098901099,0.0,0.02197802197802198
92,0.10714285714285714,0.13513513513513514,0.14130434782608695,0.1630434782608696,0.0,0.010869565217391302,0.09782608695652172,0.1304347826086957,0.08695652173913042,0.16304347826086957,0.06521739130434778,0.08695652173913043,0.021739130434782608,0.03260869565217391,0.010869565217391304,0.010869565217391304,0.010869565217391304,0.021739130434782608
93,0.10714285714285714,0.13157894736842105,0.13978494623655913,0.1612903225806452,0.0,0.010752688172043008,0.09677419354838708,0.12903225806451618,0.08602150537634407,0.16129032258064516,0.06451612903225802,0.08602150537634409,0.021505376344086023,0.03225806451612903,0.010752688172043012,0.010752688172043012,0.010752688172043012,0.021505376344086023
94,0.10714285714285714,0.1282051282051282,0.1382978723404255,0.15957446808510645,0.0,0.010638297872340424,0.09574468085106382,0.12765957446808515,0.08510638297872339,0.1702127659574468,0.0638297872340425,0.09574468085106383,0.031914893617021274,0.031914893617021274,0.010638297872340425,0.010638297872340425,0.02127659574468085,0.02127659574468085
95,0.10714285714285714,0.125,0.13684210526315788,0.1578947368421053,0.0,0.010526315789473682,0.09473684210526313,0.12631578947368424,0.08421052631578946,0.16842105263157894,0.06315789473684205,0.09473684210526316,0.03157894736842105,0.03157894736842105,0.010526315789473684,0.010526315789473684,0.021052631578947368,0.021052631578947368
96,0.10714285714285714,0.12195121951219512,0.13541666666666666,0.1666666666666667,0.0,0.010416666666666664,0.09374999999999999,0.12500000000000003,0.08333333333333331,0.17708333333333334,0.062499999999999944,0.10416666666666667,0.031249999999999997,0.031249999999999997,0.010416666666666666,0.010416666666666666,0.020833333333333332,0.020833333333333332
97,0.10526315789473684,0.12195121951219512,0.13402061855670103,0.16494845360824745,0.0,0.010309278350515462,0.09278350515463915,0.1237113402061856,0.0824742268041237,0.17525773195876287,0.06185567010309273,0.10309278350515463,0.030927835051546386,0.030927835051546386,0.010309278350515464,0.010309278350515464,0.020618556701030927,0.020618556701030927
98,0.10344827586206896,0.12195121951219512,0.1326530612244898,0.16326530612244902,0.0,0.010204081632653059,0.09183673469387753,0.12244897959183677,0.08163265306122447,0.17346938775510204,0.06122448979591831,0.10204081632653061,0.03061224489795918,0.03061224489795918,0.01020408163265306,0.01020408163265306,0.02040816326530612,0.02040816326530612
99,0.1016949152542373,0.12195121951219512,0.13131313131313133,0.16161616161616166,0.0,0.010101010101010098,0.101010101010101,0.12121212121212124,0.08080808080808079,0.1717171717171717,0.06060606060606055,0.10101010101010101,0.030303030303030297,0.030303030303030297,0.0101010101010101,0.0101010101010101,0.0202020202020202,0.0202020202020202
100,0.1,0.12195121951219512,0.13,0.16000000000000003,0.0,0.009999999999999998,0.09999999999999998,0.12000000000000004,0.07999999999999999,0.17,0.05999999999999995,0.1,0.029999999999999995,0.029999999999999995,0.009999999999999998,0.009999999999999998,0.019999999999999997,0.019999999999999997
101,0.09836065573770492,0.12195121951219512,0.12871287128712872,0.15841584158415845,0.0,0.0099009900990099,0.09900990099009899,0.11881188118811885,0.0792079207920792,0.16831683168316833,0.059405940594059355,0.09900990099009901,0.029702970297029698,0.029702970297029698,0.0099009900990099,0.0099009900990099,0.0198019801980198,0.0198019801980198
102,0.0967741935483871,0.12195121951219512,0.12745098039215685,0.1666666666666667,0.0,0.009803921568627449,0.0980392156862745,0.11764705882352945,0.07843137254901959,0.16666666666666666,0.058823529411764656,0.09803921568627451,0.02941176470588235,0.02941176470588235,0.009803921568627449,0.009803921568627449,0.019607843137254898,0.019607843137254898
103,0.09523809523809523,0.12195121951219512,0.13592233009708737,0.16504854368932043,0.0,0.009708737864077667,0.09708737864077668,0.11650485436893207,0.08737864077669902,0.1650485436893204,0.06796116504854363,0.0970873786407767,0.029126213592233004,0.029126213592233004,0.009708737864077667,0.009708737864077667,0.019417475728155335,0.019417475728155335
104,0.09375,0.12195121951219512,0.14423076923076922,0.1634615384615385,0.0,0.009615384615384612,0.09615384615384613,0.11538461538461542,0.08653846153846152,0.16346153846153846,0.06730769230769225,0.09615384615384616,0.02884615384615384,0.02884615384615384,0.009615384615384612,0.009615384615384612,0.019230769230769225,0.019230769230769225
105,0.09375,0.11904761904761904,0.14285714285714285,0.16190476190476194,0.0,0.009523809523809521,0.09523809523809522,0.12380952380952384,0.0857142857142857,0.1619047619047619,0.06666666666666661,0.09523809523809523,0.028571428571428567,0.028571428571428567,0.009523809523809521,0.009523809523809521,0.019047619047619042,0.019047619047619042
106,0.09375,0.11627906976744186,0.14150943396226415,0.16037735849056606,0.0,0.009433962264150941,0.10377358490566035,0.12264150943396229,0.08490566037735847,0.16037735849056603,0.06603773584905655,0.09433962264150944,0.028301886792452827,0.028301886792452827,0.009433962264150941,0.009433962264150941,0.018867924528301883,0.018867924528301883
107,0.09375,0.11363636363636363,0.14018691588785046,0.15887850467289724,0.0,0.009345794392523362,0.11214953271028036,0.12149532710280377,0.08411214953271026,0.1588785046728972,0.06542056074766349,0.09345794392523364,0.02803738317757009,0.02803738317757009,0.009345794392523362,0.009345794392523362,0.018691588785046724,0.018691588785046724
108,0.09375,0.1111111111111111,0.13888888888888887,0.1666666666666667,0.0,0.009259259259259257,0.11111111111111109,0.1203703703703704,0.08333333333333331,0.16666666666666666,0.06481481481481476,0.10185185185185185,0.027777777777777773,0.027777777777777773,0.009259259259259257,0.009259259259259257,0.018518518518518514,0.018518518518518514
109,0.09375,0.10869565217391304,0.13761467889908255,0.16513761467889912,0.0,0.009174311926605503,0.11009174311926603,0.1192660550458716,0.08256880733944952,0.1651376146788991,0.06422018348623848,0.10091743119266056,0.02752293577981651,0.02752293577981651,0.009174311926605503,0.009174311926605503,0.018348623853211007,0.018348623853211007
110,0.09375,0.10638297872340426,0.13636363636363635,0.16363636363636366,0.0,0.00909090909090909,0.10909090909090907,0.12727272727272732,0.0818181818181818,0.17272727272727273,0.06363636363636359,0.1,0.027272727272727268,0.027272727272727268,0.00909090909090909,0.00909090909090909,0.01818181818181818,0.01818181818181818
111,0.09375,0.10416666666666667,0.13513513513513511,0.1621621621621622,0.0,0.009009009009009009,0.10810810810810809,0.13513513513513517,0.08108108108108107,0.17117117117117117,0.06306306306306302,0.0990990990990991,0.02702702702702702,0.02702702702702702,0.009009009009009009,0.009009009009009009,0.018018018018018018,0.018018018018018018
112,0.09375,0.10204081632653061,0.13392857142857142,0.16071428571428575,0.0,0.008928571428571428,0.10714285714285712,0.13392857142857145,0.08035714285714284,0.16964285714285715,0.06249999999999995,0.09821428571428571,0.03571428571428571,0.02678571428571428,0.008928571428571428,0.008928571428571428,0.026785714285714284,0.017857142857142856
113,0.09375,0.1,0.13274336283185842,0.16814159292035402,0.0,0.008849557522123894,0.10619469026548671,0.13274336283185845,0.07964601769911503,0.17699115044247787,0.06194690265486721,0.10619469026548672,0.035398230088495575,0.026548672566371678,0.008849557522123894,0.008849557522123894,0.02654867256637168,0.017699115044247787
114,0.09375,0.09803921568627451,0.13157894736842107,0.16666666666666669,0.0,0.008771929824561403,0.10526315789473682,0.14035087719298253,0.07894736842105261,0.18421052631578946,0.06140350877192978,0.10526315789473684,0.03508771929824561,0.026315789473684206,0.008771929824561403,0.008771929824561403,0.02631578947368421,0.017543859649122806
115,0.09375,0.09615384615384616,0.13043478260869568,0.16521739130434784,0.0,0.008695652173913044,0.1043478260869565,0.13913043478260875,0.07826086956521737,0.19130434782608696,0.06086956521739126,0.10434782608695652,0.034782608695652174,0.026086956521739126,0.008695652173913044,0.008695652173913044,0.02608695652173913,0.017391304347826087
116,0.09375,0.09433962264150944,0.12931034482758624,0.16379310344827588,0.0,0.008620689655172414,0.10344827586206895,0.1465517241379311,0.07758620689655171,0.1896551724137931,0.06034482758620685,0.10344827586206896,0.04310344827586207,0.025862068965517238,0.017241379310344827,0.008620689655172414,0.02586206896551724,0.017241379310344827
117,0.09230769230769231,0.09433962264150944,0.12820512820512825,0.16239316239316243,0.0,0.008547008547008548,0.10256410256410255,0.14529914529914537,0.07692307692307691,0.18803418803418803,0.05982905982905978,0.10256410256410256,0.042735042735042736,0.025641025641025637,0.017094017094017096,0.008547008547008548,0.02564102564102564,0.017094017094017096
118,0.09090909090909091,0.09433962264150944,0.12711864406779666,0.16101694915254242,0.0,0.00847457627118644,0.10169491525423727,0.14406779661016955,0.07627118644067796,0.1864406779661017,0.05932203389830504,0.1016949152542373,0.0423728813559322,0.025423728813559317,0.01694915254237288,0.00847457627118644,0.025423728813559324,0.01694915254237288
119,0.08955223880597014,0.09433962264150944,0.12605042016806728,0.15966386554621853,0.0,0.008403361344537815,0.10084033613445377,0.15126050420168075,0.07563025210084032,0.19327731092436976,0.05882352941176466,0.10084033613445378,0.04201680672268908,0.025210084033613443,0.01680672268907563,0.008403361344537815,0.025210084033613446,0.01680672268907563
120,0.08823529411764706,0.09433962264150944,0.1333333333333334,0.15833333333333335,0.0,0.008333333333333333,0.09999999999999999,0.15000000000000005,0.07499999999999998,0.19166666666666668,0.058333333333333286,0.1,0.041666666666666664,0.024999999999999998,0.016666666666666666,0.008333333333333333,0.025,0.016666666666666666
121,0.08823529411764706,0.09259259259259259,0.13223140495867775,0.15702479338842978,0.0,0.008264462809917356,0.09917355371900825,0.14876033057851246,0.07438016528925619,0.19008264462809918,0.05785123966942144,0.09917355371900827,0.04132231404958678,0.024793388429752063,0.01652892561983471,0.008264462809917356,0.024793388429752067,0.01652892561983471
122,0.08823529411764706,0.10909090909090909,0.13114754098360662,0.1639344262295082,0.0,0.00819672131147541,0.0983606557377049,0.14754098360655743,0.07377049180327867,0.1885245901639344,0.05737704918032783,0.09836065573770492,0.040983606557377046,0.024590163934426226,0.01639344262295082,0.00819672131147541,0.02459016393442623,0.01639344262295082
123,0.08823529411764706,0.10714285714285714,0.1300813008130082,0.1626016260162602,0.0,0.008130081300813009,0.09756097560975609,0.1463414634146342,0.07317073170731705,0.18699186991869918,0.05691056910569101,0.0975609756097561,0.04065040650406504,0.024390243902439022,0.016260162601626018,0.008130081300813009,0.024390243902439025,0.016260162601626018
124,0.08823529411764706,0.12280701754385964,0.12903225806451618,0.16935483870967744,0.0,0.008064516129032258,0.09677419354838708,0.1451612903225807,0.07258064516129031,0.18548387096774194,0.05645161290322576,0.0967741935483871,0.04032258064516129,0.02419354838709677,0.016129032258064516,0.008064516129032258,0.024193548387096774,0.016129032258064516
125,0.08823529411764706,0.1206896551724138,0.12800000000000006,0.16800000000000004,0.0,0.008,0.09599999999999999,0.14400000000000004,0.07199999999999998,0.184,0.05599999999999996,0.096,0.04,0.023999999999999997,0.016,0.008,0.024,0.016
126,0.08695652173913043,0.1206896551724138,0.12698412698412703,0.16666666666666669,0.0,0.007936507936507936,0.09523809523809522,0.1428571428571429,0.07142857142857141,0.18253968253968253,0.05555555555555551,0.09523809523809523,0.03968253968253968,0.023809523809523805,0.015873015873015872,0.007936507936507936,0.023809523809523808,0.015873015873015872
127,0.08571428571428572,0.1206896551724138,0.125984251968504,0.16535433070866146,0.0,0.007874015748031496,0.09448818897637794,0.14173228346456698,0.07086614173228345,0.18110236220472442,0.05511811023622043,0.09448818897637795,0.03937007874015748,0.023622047244094484,0.015748031496062992,0.007874015748031496,0.023622047244094488,0.015748031496062992
128,0.08450704225352113,0.1206896551724138,0.12500000000000006,0.16406250000000003,0.0,0.0078125,0.09374999999999999,0.14843750000000006,0.07031249999999999,0.1796875,0.05468749999999996,0.09375,0.0390625,0.023437499999999997,0.015625,0.0078125,0.0234375,0.015625
129,0.08333333333333333,0.1206896551724138,0.12403100775193804,0.16279069767441864,0.0,0.007751937984496124,0.09302325581395347,0.14728682170542642,0.0697674418604651,0.17829457364341086,0.054263565891472826,0.09302325581395349,0.03875968992248062,0.02325581395348837,0.015503875968992248,0.007751937984496124,0.023255813953488372,0.015503875968992248
130,0.0821917808219178,0.1206896551724138,0.12307692307692313,0.16153846153846158,0.0,0.007692307692307693,0.0923076923076923,0.14615384615384622,0.06923076923076922,0.17692307692307693,0.05384615384615381,0.09230769230769231,0.038461538461538464,0.023076923076923075,0.015384615384615385,0.007692307692307693,0.023076923076923078,0.015384615384615385
131,0.08108108108108109,0.1206896551724138,0.12213740458015272,0.1603053435114504,0.0,0.007633587786259542,0.09160305343511449,0.14503816793893134,0.06870229007633587,0.17557251908396945,0.05343511450381675,0.0916030534351145,0.03816793893129771,0.022900763358778622,0.015267175572519083,0.007633587786259542,0.022900763358778626,0.015267175572519083
132,0.08108108108108109,0.13559322033898305,0.12121212121212127,0.16666666666666669,0.0,0.007575757575757576,0.0909090909090909,0.143939393939394,0.06818181818181816,0.17424242424242425,0.05303030303030299,0.09090909090909091,0.03787878787878788,0.022727272727272724,0.015151515151515152,0.007575757575757576,0.022727272727272728,0.015151515151515152
133,0.08108108108108109,0.13333333333333333,0.1203007518796993,0.16541353383458648,0.0,0.007518796992481203,0.09022556390977442,0.1428571428571429,0.06766917293233081,0.17293233082706766,0.05263157894736838,0.09022556390977443,0.03759398496240601,0.022556390977443604,0.015037593984962405,0.007518796992481203,0.022556390977443608,0.015037593984962405
134,0.08108108108108109,0.13114754098360656,0.11940298507462692,0.16417910447761197,0.0,0.007462686567164179,0.08955223880597013,0.14925373134328362,0.0671641791044776,0.17164179104477612,0.05223880597014922,0.08955223880597014,0.03731343283582089,0.022388059701492533,0.014925373134328358,0.007462686567164179,0.022388059701492536,0.014925373134328358
135,0.08108108108108109,0.12903225806451613,0.11851851851851856,0.16296296296296298,0.0,0.007407407407407408,0.08888888888888888,0.1481481481481482,0.06666666666666665,0.17037037037037037,0.051851851851851816,0.08888888888888889,0.037037037037037035,0.02222222222222222,0.014814814814814815,0.007407407407407408,0.022222222222222223,0.014814814814814815
136,0.08108108108108109,0.12698412698412698,0.11764705882352947,0.16176470588235295,0.0,0.007352941176470588,0.08823529411764705,0.14705882352941183,0.06617647058823528,0.16911764705882354,0.05147058823529408,0.08823529411764706,0.03676470588235294,0.022058823529411763,0.014705882352941176,0.007352941176470588,0.022058823529411766,0.014705882352941176
137,0.09333333333333334,0.12698412698412698,0.12408759124087597,0.16058394160583941,0.0,0.0072992700729927005,0.0875912408759124,0.14598540145985406,0.0656934306569343,0.1678832116788321,0.051094890510948864,0.08759124087591241,0.0364963503649635,0.0218978102189781,0.014598540145985401,0.0072992700729927005,0.021897810218978103,0.014598540145985401
138,0.09210526315789473,0.12698412698412698,0.1231884057971015,0.15942028985507245,0.0,0.007246376811594203,0.08695652173913042,0.14492753623188412,0.06521739130434781,0.16666666666666666,0.05072463768115938,0.08695652173913043,0.036231884057971016,0.021739130434782605,0.014492753623188406,0.007246376811594203,0.021739130434782608,0.014492753623188406
139,0.09090909090909091,0.12698412698412698,0.12230215827338134,0.15827338129496402,0.0,0.007194244604316547,0.08633093525179855,0.14388489208633098,0.0647482014388489,0.16546762589928057,0.05035971223021579,0.08633093525179857,0.03597122302158273,0.021582733812949638,0.014388489208633094,0.007194244604316547,0.02158273381294964,0.014388489208633094
140,0.08974358974358974,0.12698412698412698,0.12142857142857148,0.15714285714285714,0.0,0.007142857142857143,0.0857142857142857,0.1428571428571429,0.06428571428571428,0.17142857142857143,0.04999999999999996,0.08571428571428572,0.03571428571428571,0.021428571428571425,0.014285714285714285,0.007142857142857143,0.02142857142857143,0.014285714285714285
141,0.08974358974358974,0.125,0.12056737588652487,0.15602836879432624,0.0,0.0070921985815602835,0.08510638297872339,0.1418439716312057,0.06382978723404255,0.1702127659574468,0.049645390070921946,0.0851063829787234,0.03546099290780142,0.021276595744680847,0.014184397163120567,0.0070921985815602835,0.02127659574468085,0.014184397163120567
142,0.08860759493670886,0.125,0.11971830985915498,0.15492957746478872,0.0,0.007042253521126761,0.08450704225352111,0.14084507042253527,0.06338028169014084,0.16901408450704225,0.049295774647887286,0.08450704225352113,0.035211267605633804,0.021126760563380278,0.014084507042253521,0.007042253521126761,0.02112676056338028,0.014084507042253521
143,0.0875,0.125,0.11888111888111894,0.15384615384615385,0.0,0.006993006993006993,0.0839160839160839,0.1398601398601399,0.06293706293706294,0.16783216783216784,0.04895104895104892,0.08391608391608392,0.03496503496503497,0.020979020979020976,0.013986013986013986,0.006993006993006993,0.02097902097902098,0.013986013986013986
144,0.0875,0.12307692307692308,0.11805555555555561,0.1597222222222222,0.0,0.006944444444444444,0.08333333333333331,0.13888888888888895,0.0625,0.16666666666666666,0.04861111111111108,0.08333333333333333,0.034722222222222224,0.02083333333333333,0.013888888888888888,0.006944444444444444,0.020833333333333332,0.013888888888888888
145,0.0875,0.13636363636363635,0.11724137931034488,0.16551724137931034,0.0,0.006896551724137931,0.08275862068965514,0.13793103448275867,0.06206896551724138,0.16551724137931034,0.04827586206896548,0.08275862068965517,0.034482758620689655,0.020689655172413786,0.013793103448275862,0.006896551724137931,0.020689655172413793,0.013793103448275862
146,0.08641975308641975,0.13636363636363635,0.11643835616438361,0.1643835616438356,0.0,0.00684931506849315,0.08219178082191779,0.13698630136986306,0.0684931506849315,0.1643835616438356,0.05479452054794517,0.0821917808219178,0.03424657534246575,0.020547945205479447,0.0136986301369863,0.00684931506849315,0.02054794520547945,0.0136986301369863
147,0.08536585365853659,0.13636363636363635,0.1156462585034014,0.16326530612244897,0.0,0.006802721088435374,0.08163265306122447,0.13605442176870752,0.06802721088435375,0.16326530612244897,0.054421768707482956,0.08163265306122448,0.034013605442176874,0.020408163265306117,0.013605442176870748,0.006802721088435374,0.02040816326530612,0.013605442176870748
148,0.08536585365853659,0.13432835820895522,0.11486486486486491,0.16216216216216214,0.0,0.006756756756756757,0.08108108108108106,0.13513513513513517,0.06756756756756759,0.16216216216216214,0.054054054054054015,0.08108108108108107,0.03378378378378379,0.020270270270270264,0.013513513513513514,0.006756756756756757,0.020270270270270268,0.013513513513513514
149,0.08536585365853659,0.1323529411764706,0.11409395973154367,0.1610738255033557,0.0,0.006711409395973154,0.08724832214765098,0.13422818791946312,0.06711409395973156,0.1610738255033557,0.0536912751677852,0.08053691275167785,0.03355704697986578,0.02013422818791946,0.013422818791946308,0.006711409395973154,0.020134228187919462,0.013422818791946308
150,0.08433734939759037,0.1323529411764706,0.12000000000000005,0.16,0.0,0.006666666666666667,0.08666666666666664,0.13333333333333336,0.06666666666666668,0.16666666666666666,0.053333333333333295,0.08,0.03333333333333334,0.019999999999999993,0.013333333333333334,0.006666666666666667,0.02,0.013333333333333334
151,0.08333333333333334,0.1323529411764706,0.12582781456953648,0.15894039735099338,0.0,0.006622516556291391,0.08609271523178806,0.13245033112582782,0.07284768211920531,0.16556291390728478,0.05960264900662248,0.07947019867549669,0.033112582781456956,0.019867549668874166,0.013245033112582781,0.006622516556291391,0.019867549668874173,0.013245033112582781
152,0.08333333333333334,0.13043478260869565,0.12500000000000008,0.15789473684210525,0.0,0.006578947368421052,0.08552631578947366,0.13157894736842105,0.0723684210526316,0.1710526315789474,0.059210526315789436,0.08552631578947369,0.03289473684210526,0.019736842105263153,0.013157894736842105,0.006578947368421052,0.019736842105263157,0.013157894736842105
153,0.08333333333333334,0.12857142857142856,0.1241830065359478,0.1568627450980392,0.0,0.006535947712418301,0.08496732026143788,0.13071895424836602,0.07189542483660132,0.16993464052287585,0.05882352941176467,0.08496732026143791,0.032679738562091505,0.019607843137254895,0.013071895424836602,0.006535947712418301,0.0196078431372549,0.013071895424836602
154,0.0823529411764706,0.12857142857142856,0.12337662337662347,0.15584415584415584,0.0,0.006493506493506494,0.08441558441558439,0.12987012987012986,0.07142857142857144,0.16883116883116886,0.058441558441558406,0.08441558441558442,0.032467532467532464,0.019480519480519473,0.012987012987012988,0.006493506493506494,0.01948051948051948,0.012987012987012988
155,0.08139534883720931,0.12857142857142856,0.12258064516129041,0.15483870967741936,0.0,0.0064516129032258064,0.08387096774193546,0.13548387096774192,0.07096774193548389,0.16774193548387098,0.058064516129032226,0.08387096774193549,0.032258064516129024,0.01935483870967741,0.012903225806451613,0.0064516129032258064,0.01935483870967742,0.012903225806451613
156,0.08045977011494254,0.12857142857142856,0.12179487179487189,0.15384615384615385,0.0,0.00641025641025641,0.08333333333333331,0.13461538461538458,0.07051282051282053,0.1730769230769231,0.05769230769230766,0.08974358974358976,0.03205128205128205,0.01923076923076922,0.01282051282051282,0.00641025641025641,0.019230769230769232,0.01282051282051282
157,0.07954545454545456,0.12857142857142856,0.12101910828025486,0.15286624203821655,0.0,0.006369426751592357,0.08280254777070062,0.13375796178343943,0.07006369426751594,0.17197452229299365,0.05732484076433118,0.089171974522293,0.03184713375796178,0.019108280254777062,0.012738853503184714,0.006369426751592357,0.01910828025477707,0.012738853503184714
158,0.07865168539325844,0.12857142857142856,0.12025316455696211,0.1518987341772152,0.006329113924050633,0.006329113924050633,0.08860759493670883,0.13291139240506322,0.06962025316455697,0.1708860759493671,0.05696202531645566,0.08860759493670887,0.03164556962025317,0.01898734177215189,0.012658227848101266,0.006329113924050633,0.0189873417721519,0.012658227848101266
159,0.07777777777777779,0.12857142857142856,0.11949685534591203,0.1509433962264151,0.006289308176100629,0.006289308176100629,0.08805031446540879,0.13207547169811315,0.06918238993710693,0.169811320754717,0.05660377358490563,0.08805031446540881,0.031446540880503145,0.018867924528301876,0.012578616352201259,0.006289308176100629,0.018867924528301886,0.012578616352201259
160,0.07692307692307694,0.12857142857142856,0.11875000000000009,0.15,0.00625,0.00625,0.08749999999999998,0.13124999999999992,0.06875,0.16875,0.05624999999999997,0.08750000000000001,0.03125,0.01874999999999999,0.0125,0.00625,0.01875,0.0125
161,0.07692307692307694,0.1267605633802817,0.11801242236024853,0.14906832298136646,0.006211180124223602,0.006211180124223602,0.08695652173913042,0.13043478260869557,0.07453416149068323,0.16770186335403728,0.06211180124223599,0.08695652173913045,0.031055900621118012,0.018633540372670798,0.012422360248447204,0.006211180124223602,0.018633540372670808,0.012422360248447204
162,0.07692307692307694,0.125,0.11728395061728404,0.14814814814814814,0.006172839506172839,0.006172839506172839,0.08641975308641975,0.12962962962962954,0.07407407407407407,0.17283950617283952,0.061728395061728364,0.0925925925925926,0.030864197530864196,0.018518518518518507,0.012345679012345678,0.006172839506172839,0.018518518518518517,0.012345679012345678
163,0.07692307692307694,0.1232876712328767,0.1165644171779142,0.15337423312883436,0.006134969325153374,0.006134969325153374,0.08588957055214724,0.12883435582822078,0.0736196319018405,0.1717791411042945,0.06134969325153371,0.09202453987730062,0.03067484662576687,0.01840490797546011,0.012269938650306749,0.006134969325153374,0.018404907975460124,0.012269938650306749
164,0.07692307692307694,0.12162162162162163,0.11585365853658545,0.1524390243902439,0.006097560975609756,0.006097560975609756,0.08536585365853659,0.1280487804878048,0.07317073170731707,0.1707317073170732,0.06097560975609753,0.09146341463414635,0.03048780487804878,0.018292682926829253,0.012195121951219513,0.006097560975609756,0.018292682926829267,0.012195121951219513
165,0.07692307692307694,0.12,0.11515151515151524,0.15151515151515152,0.006060606060606061,0.006060606060606061,0.08484848484848485,0.13333333333333325,0.07272727272727272,0.1757575757575758,0.06060606060606057,0.09090909090909093,0.030303030303030304,0.018181818181818167,0.012121212121212121,0.006060606060606061,0.01818181818181818,0.012121212121212121
166,0.07692307692307694,0.11842105263157894,0.1144578313253013,0.1566265060240964,0.006024096385542169,0.006024096385542169,0.08433734939759036,0.13253012048192764,0.07228915662650602,0.18072289156626511,0.06024096385542165,0.09638554216867472,0.03614457831325301,0.01807228915662649,0.012048192771084338,0.006024096385542169,0.024096385542168676,0.012048192771084338
167,0.07692307692307694,0.11688311688311688,0.11377245508982045,0.15568862275449102,0.005988023952095809,0.005988023952095809,0.08383233532934131,0.13772455089820354,0.0718562874251497,0.1796407185628743,0.05988023952095805,0.09580838323353295,0.03592814371257485,0.01796407185628741,0.011976047904191617,0.005988023952095809,0.023952095808383235,0.011976047904191617
168,0.07692307692307694,0.11538461538461539,0.11309523809523818,0.15476190476190477,0.005952380952380952,0.005952380952380952,0.08333333333333333,0.13690476190476186,0.07142857142857142,0.17857142857142863,0.05952380952380949,0.09523809523809526,0.041666666666666664,0.017857142857142842,0.011904761904761904,0.005952380952380952,0.02976190476190476,0.011904761904761904
169,0.07692307692307694,0.11392405063291139,0.11242603550295867,0.15976331360946747,0.005917159763313609,0.005917159763313609,0.08284023668639054,0.13609467455621296,0.07100591715976332,0.17751479289940836,0.059171597633136064,0.09467455621301778,0.04142011834319527,0.01775147928994081,0.011834319526627219,0.005917159763313609,0.029585798816568046,0.011834319526627219
170,0.07692307692307694,0.1125,0.11176470588235303,0.15882352941176472,0.0058823529411764705,0.011764705882352941,0.0823529411764706,0.14117647058823524,0.07058823529411765,0.1764705882352942,0.05882352941176468,0.09411764705882356,0.0411764705882353,0.017647058823529398,0.011764705882352941,0.0058823529411764705,0.029411764705882353,0.011764705882352941
171,0.07692307692307694,0.1111111111111111,0.11111111111111119,0.15789473684210528,0.005847953216374269,0.011695906432748537,0.08187134502923978,0.1403508771929824,0.07017543859649122,0.17543859649122817,0.05847953216374266,0.09356725146198833,0.04093567251461989,0.017543859649122796,0.011695906432748537,0.005847953216374269,0.029239766081871343,0.011695906432748537
172,0.07692307692307694,0.10975609756097561,0.11046511627906985,0.16279069767441862,0.005813953488372093,0.011627906976744186,0.08139534883720931,0.13953488372093018,0.06976744186046512,0.18023255813953498,0.0581395348837209,0.0988372093023256,0.040697674418604654,0.01744186046511627,0.011627906976744186,0.005813953488372093,0.029069767441860465,0.011627906976744186
173,0.07608695652173915,0.10975609756097561,0.11560693641618505,0.161849710982659,0.005780346820809248,0.011560693641618497,0.0809248554913295,0.1387283236994219,0.06936416184971098,0.1791907514450868,0.05780346820809246,0.09826589595375725,0.04046242774566475,0.017341040462427737,0.011560693641618497,0.005780346820809248,0.028901734104046242,0.011560693641618497
174,0.07526881720430109,0.10975609756097561,0.12068965517241388,0.16091954022988508,0.005747126436781609,0.011494252873563218,0.08045977011494254,0.13793103448275856,0.0689655172413793,0.17816091954023,0.05747126436781606,0.09770114942528738,0.04022988505747127,0.01724137931034482,0.011494252873563218,0.005747126436781609,0.028735632183908046,0.011494252873563218
175,0.074468085106383,0.10975609756097561,0.12000000000000008,0.16571428571428573,0.005714285714285714,0.011428571428571429,0.08000000000000002,0.1371428571428571,0.06857142857142856,0.17714285714285727,0.05714285714285711,0.09714285714285717,0.04000000000000001,0.017142857142857137,0.011428571428571429,0.005714285714285714,0.02857142857142857,0.011428571428571429
176,0.07368421052631582,0.10975609756097561,0.11931818181818189,0.1647727272727273,0.005681818181818182,0.011363636363636364,0.08522727272727275,0.13636363636363633,0.06818181818181818,0.17613636363636376,0.05681818181818179,0.09659090909090912,0.039772727272727286,0.01704545454545454,0.011363636363636364,0.005681818181818182,0.028409090909090908,0.011363636363636364
177,0.0729166666666667,0.10975609756097561,0.11864406779661026,0.16384180790960454,0.005649717514124294,0.011299435028248588,0.08474576271186443,0.1412429378531073,0.06779661016949153,0.17514124293785321,0.05649717514124291,0.09604519774011301,0.039548022598870074,0.016949152542372878,0.011299435028248588,0.005649717514124294,0.02824858757062147,0.011299435028248588
178,0.08247422680412375,0.10975609756097561,0.12359550561797761,0.16292134831460675,0.0056179775280898875,0.011235955056179775,0.08426966292134834,0.14044943820224712,0.06741573033707865,0.1741573033707866,0.05617977528089885,0.09550561797752811,0.039325842696629226,0.01685393258426966,0.011235955056179775,0.0056179775280898875,0.028089887640449437,0.011235955056179775
179,0.08247422680412375,0.10843373493975904,0.12290502793296097,0.16201117318435754,0.00558659217877095,0.0111731843575419,0.08379888268156428,0.14525139664804462,0.0670391061452514,0.17877094972067048,0.055865921787709466,0.09497206703910617,0.03910614525139666,0.016759776536312845,0.0111731843575419,0.00558659217877095,0.027932960893854747,0.0111731843575419
180,0.08247422680412375,0.10714285714285714,0.12777777777777785,0.16111111111111112,0.005555555555555556,0.011111111111111112,0.08333333333333337,0.14444444444444438,0.06666666666666667,0.1833333333333334,0.055555555555555525,0.09444444444444447,0.0388888888888889,0.016666666666666663,0.011111111111111112,0.005555555555555556,0.027777777777777776,0.011111111111111112
181,0.08247422680412375,0.10588235294117647,0.12707182320441998,0.16022099447513813,0.0055248618784530384,0.011049723756906077,0.08839779005524866,0.14364640883977892,0.06629834254143646,0.18232044198895037,0.05524861878453036,0.09392265193370168,0.03867403314917128,0.016574585635359112,0.011049723756906077,0.0055248618784530384,0.027624309392265192,0.011049723756906077
182,0.08247422680412375,0.10465116279069768,0.12637362637362648,0.15934065934065933,0.005494505494505495,0.01098901098901099,0.08791208791208795,0.14835164835164824,0.06593406593406594,0.1813186813186814,0.054945054945054916,0.09340659340659342,0.03846153846153847,0.016483516483516477,0.01098901098901099,0.005494505494505495,0.027472527472527472,0.01098901098901099
183,0.08247422680412375,0.10344827586206896,0.1256830601092897,0.15846994535519124,0.00546448087431694,0.01092896174863388,0.08743169398907108,0.14754098360655726,0.06557377049180328,0.1803278688524591,0.05464480874316937,0.092896174863388,0.043715846994535526,0.016393442622950814,0.01639344262295082,0.00546448087431694,0.0273224043715847,0.01092896174863388
184,0.09183673469387758,0.10344827586206896,0.13043478260869573,0.1576086956521739,0.005434782608695652,0.010869565217391304,0.08695652173913047,0.14673913043478248,0.06521739130434782,0.1793478260869566,0.05434782608695649,0.09239130434782611,0.04347826086956523,0.01630434782608695,0.016304347826086956,0.005434782608695652,0.02717391304347826,0.010869565217391304
185,0.09090909090909094,0.10344827586206896,0.1351351351351352,0.15675675675675674,0.005405405405405406,0.010810810810810811,0.08648648648648652,0.14594594594594584,0.06486486486486487,0.17837837837837844,0.05405405405405402,0.09189189189189191,0.04324324324324325,0.01621621621621621,0.016216216216216217,0.005405405405405406,0.02702702702702703,0.010810810810810811
186,0.09000000000000004,0.10344827586206896,0.13440860215053768,0.15591397849462363,0.005376344086021506,0.010752688172043012,0.08602150537634412,0.15053763440860204,0.06451612903225806,0.17741935483870974,0.05376344086021503,0.09139784946236561,0.04301075268817205,0.01612903225806451,0.016129032258064516,0.005376344086021506,0.026881720430107527,0.010752688172043012
187,0.08910891089108915,0.10344827586206896,0.13368983957219255,0.1550802139037433,0.0106951871657754,0.0106951871657754,0.09090909090909095,0.1497326203208555,0.06417112299465241,0.17647058823529418,0.053475935828876976,0.09090909090909093,0.042780748663101616,0.016042780748663093,0.016042780748663103,0.0053475935828877,0.026737967914438502,0.0106951871657754
188,0.09803921568627455,0.10344827586206896,0.13829787234042556,0.15425531914893614,0.010638297872340424,0.010638297872340424,0.09042553191489365,0.14893617021276584,0.06382978723404256,0.1755319148936171,0.0531914893617021,0.09042553191489364,0.042553191489361715,0.01595744680851063,0.01595744680851064,0.005319148936170212,0.026595744680851064,0.010638297872340424
189,0.09803921568627455,0.10227272727272728,0.13756613756613761,0.15343915343915343,0.01058201058201058,0.01058201058201058,0.08994708994708998,0.15343915343915332,0.0634920634920635,0.17460317460317468,0.05291005291005288,0.08994708994708997,0.04232804232804234,0.015873015873015865,0.015873015873015876,0.00529100529100529,0.026455026455026454,0.01058201058201058
190,0.09803921568627455,0.10112359550561797,0.13684210526315796,0.15789473684210525,0.010526315789473682,0.010526315789473682,0.08947368421052636,0.1526315789473683,0.06315789473684212,0.17368421052631586,0.05263157894736839,0.08947368421052633,0.04210526315789474,0.01578947368421052,0.01578947368421053,0.005263157894736841,0.02631578947368421,0.010526315789473682
191,0.09803921568627455,0.1,0.13612565445026184,0.15706806282722513,0.010471204188481673,0.010471204188481673,0.08900523560209428,0.15183246073298418,0.06282722513089008,0.17277486910994772,0.05235602094240835,0.08900523560209427,0.04188481675392671,0.015706806282722505,0.01570680628272252,0.005235602094240836,0.02617801047120419,0.010471204188481673
192,0.09803921568627455,0.0989010989010989,0.1354166666666667,0.15625,0.010416666666666664,0.010416666666666664,0.0885416666666667,0.15104166666666655,0.06770833333333336,0.17187500000000008,0.05729166666666664,0.08854166666666669,0.04166666666666668,0.015624999999999993,0.015625000000000007,0.005208333333333332,0.026041666666666668,0.010416666666666664
193,0.09803921568627455,0.09782608695652174,0.13471502590673579,0.16062176165803108,0.010362694300518132,0.010362694300518132,0.08808290155440418,0.15025906735751285,0.06735751295336789,0.1709844559585493,0.056994818652849714,0.08808290155440417,0.04145077720207255,0.015544041450777195,0.015544041450777209,0.005181347150259066,0.025906735751295335,0.010362694300518132
194,0.09803921568627455,0.0967741935483871,0.13402061855670105,0.15979381443298968,0.01030927835051546,0.01030927835051546,0.08762886597938148,0.1494845360824741,0.06701030927835053,0.17525773195876296,0.056701030927835024,0.09278350515463919,0.04123711340206186,0.01546391752577319,0.015463917525773203,0.00515463917525773,0.02577319587628866,0.01030927835051546
195,0.09708737864077674,0.0967741935483871,0.13846153846153847,0.15897435897435896,0.010256410256410253,0.010256410256410253,0.08717948717948722,0.1487179487179486,0.06666666666666668,0.17435897435897443,0.05641025641025638,0.09230769230769233,0.04102564102564103,0.015384615384615379,0.01538461538461539,0.0051282051282051265,0.02564102564102564,0.010256410256410253
196,0.09615384615384619,0.0967741935483871,0.1377551020408163,0.15816326530612243,0.010204081632653059,0.010204081632653059,0.08673469387755106,0.14795918367346927,0.0663265306122449,0.17346938775510212,0.05612244897959181,0.09183673469387757,0.040816326530612256,0.015306122448979585,0.015306122448979598,0.005102040816326529,0.025510204081632654,0.010204081632653059
197,0.09523809523809527,0.0967741935483871,0.13705583756345177,0.15736040609137053,0.010152284263959388,0.010152284263959388,0.08629441624365486,0.15228426395939076,0.06598984771573604,0.17258883248730972,0.05583756345177662,0.09137055837563454,0.040609137055837574,0.01522842639593908,0.015228426395939094,0.005076142131979694,0.025380710659898477,0.010152284263959388
198,0.10377358490566041,0.0967741935483871,0.1414141414141414,0.15656565656565652,0.010101010101010098,0.010101010101010098,0.0858585858585859,0.15151515151515144,0.06565656565656566,0.1717171717171718,0.05555555555555553,0.09090909090909093,0.040404040404040414,0.015151515151515145,0.015151515151515159,0.005050505050505049,0.025252525252525252,0.010101010101010098
199,0.10377358490566041,0.09574468085106383,0.1407035175879397,0.15577889447236176,0.010050251256281405,0.010050251256281405,0.085427135678392,0.15075376884422104,0.06532663316582915,0.170854271356784,0.055276381909547714,0.09045226130653268,0.040201005025125636,0.015075376884422105,0.015075376884422117,0.005025125628140703,0.02512562814070352,0.010050251256281405
200,0.10377358490566041,0.09473684210526316,0.14,0.15499999999999994,0.009999999999999998,0.009999999999999998,0.08500000000000003,0.15499999999999992,0.065,0.17000000000000007,0.05499999999999997,0.09000000000000002,0.04000000000000001,0.014999999999999993,0.015000000000000006,0.004999999999999999,0.025,0.009999999999999998
201,0.10377358490566041,0.09375,0.13930348258706468,0.15422885572139297,0.009950248756218904,0.009950248756218904,0.08457711442786073,0.15422885572139294,0.06467661691542288,0.1741293532338309,0.05472636815920395,0.09452736318407962,0.03980099502487563,0.014925373134328351,0.014925373134328365,0.004975124378109452,0.024875621890547265,0.009950248756218904
202,0.10377358490566041,0.09278350515463918,0.14356435643564355,0.1534653465346534,0.0099009900990099,0.0099009900990099,0.08415841584158419,0.15346534653465338,0.06435643564356436,0.17326732673267334,0.05445544554455443,0.09405940594059407,0.03960396039603961,0.014851485148514846,0.014851485148514858,0.00495049504950495,0.024752475247524754,0.0099009900990099
203,0.10377358490566041,0.09183673469387756,0.14285714285714285,0.15270935960591128,0.009852216748768471,0.009852216748768471,0.08374384236453206,0.15763546798029549,0.06403940886699508,0.17241379310344834,0.054187192118226576,0.0935960591133005,0.0394088669950739,0.014778325123152703,0.014778325123152716,0.004926108374384236,0.024630541871921183,0.009852216748768471
204,0.10377358490566041,0.10101010101010101,0.14215686274509803,0.15686274509803916,0.009803921568627449,0.009803921568627449,0.08333333333333337,0.15686274509803913,0.06372549019607844,0.17156862745098045,0.053921568627450955,0.0931372549019608,0.04411764705882354,0.01470588235294117,0.014705882352941183,0.0049019607843137246,0.029411764705882353,0.009803921568627449
205,0.10377358490566041,0.11,0.14146341463414633,0.16097560975609748,0.009756097560975608,0.009756097560975608,0.08292682926829271,0.15609756097560967,0.06341463414634148,0.17073170731707324,0.053658536585365825,0.0926829268292683,0.043902439024390255,0.014634146341463409,0.01463414634146342,0.004878048780487804,0.02926829268292683,0.009756097560975608
206,0.10377358490566041,0.1188118811881188,0.1407766990291262,0.16504854368932032,0.009708737864077667,0.009708737864077667,0.08252427184466023,0.15533980582524262,0.06310679611650487,0.1699029126213593,0.05339805825242716,0.09223300970873788,0.04368932038834952,0.014563106796116498,0.01456310679611651,0.004854368932038834,0.02912621359223301,0.009708737864077667
207,0.10280373831775705,0.1188118811881188,0.14009661835748793,0.16425120772946852,0.009661835748792268,0.009661835748792268,0.08212560386473433,0.15458937198067624,0.06280193236714977,0.1690821256038648,0.05314009661835746,0.09178743961352659,0.04347826086956522,0.014492753623188399,0.014492753623188413,0.004830917874396134,0.028985507246376812,0.009661835748792268
208,0.10185185185185189,0.1188118811881188,0.14423076923076925,0.16346153846153838,0.009615384615384612,0.009615384615384612,0.08173076923076926,0.15384615384615377,0.06730769230769232,0.16826923076923084,0.05769230769230767,0.09134615384615387,0.043269230769230775,0.014423076923076917,0.014423076923076929,0.004807692307692306,0.028846153846153848,0.009615384615384612
209,0.10091743119266058,0.1188118811881188,0.14354066985645936,0.1626794258373205,0.009569377990430618,0.009569377990430618,0.08133971291866032,0.1578947368421052,0.06698564593301436,0.16746411483253595,0.057416267942583706,0.09090909090909093,0.04306220095693781,0.014354066985645926,0.014354066985645939,0.004784688995215309,0.028708133971291867,0.009569377990430618
210,0.10000000000000003,0.1188118811881188,0.1428571428571429,0.16190476190476183,0.00952380952380952,0.00952380952380952,0.08571428571428574,0.15714285714285708,0.07142857142857142,0.16666666666666674,0.05714285714285712,0.09047619047619049,0.042857142857142864,0.01428571428571428,0.014285714285714292,0.00476190476190476,0.02857142857142857,0.00952380952380952
211,0.09909909909909913,0.1188118811881188,0.1421800947867299,0.16113744075829378,0.009478672985781986,0.009478672985781986,0.08530805687203795,0.15639810426540277,0.07109004739336493,0.1658767772511849,0.05687203791469192,0.09004739336492892,0.04265402843601897,0.01421800947867298,0.014218009478672992,0.004739336492890993,0.02843601895734597,0.009478672985781986
212,0.09909909909909913,0.11764705882352941,0.1415094339622642,0.16037735849056597,0.00943396226415094,0.00943396226415094,0.08490566037735853,0.16037735849056597,0.07075471698113207,0.16981132075471705,0.056603773584905634,0.08962264150943398,0.04245283018867926,0.014150943396226408,0.01415094339622642,0.00471698113207547,0.02830188679245283,0.00943396226415094
213,0.09909909909909913,0.11650485436893204,0.14084507042253527,0.15962441314553985,0.009389671361502342,0.009389671361502342,0.08450704225352117,0.15962441314553985,0.07042253521126761,0.16901408450704233,0.05633802816901406,0.08920187793427231,0.04225352112676057,0.014084507042253515,0.014084507042253527,0.004694835680751171,0.028169014084507043,0.009389671361502342
214,0.09909909909909913,0.11538461538461539,0.14018691588785054,0.15887850467289713,0.009345794392523359,0.009345794392523359,0.08411214953271032,0.15887850467289713,0.07009345794392523,0.16822429906542063,0.056074766355140165,0.08878504672897197,0.04205607476635515,0.014018691588785041,0.014018691588785053,0.004672897196261679,0.028037383177570093,0.009345794392523359
215,0.09909909909909913,0.11428571428571428,0.1395348837209303,0.15813953488372087,0.009302325581395344,0.009302325581395344,0.08372093023255817,0.15813953488372087,0.0697674418604651,0.17209302325581402,0.05581395348837207,0.0930232558139535,0.041860465116279076,0.013953488372093018,0.01395348837209303,0.004651162790697672,0.027906976744186046,0.009302325581395344
216,0.09909909909909913,0.11320754716981132,0.13888888888888895,0.16203703703703698,0.009259259259259254,0.009259259259259254,0.08333333333333337,0.15740740740740733,0.06944444444444443,0.17129629629629636,0.05555555555555553,0.09259259259259262,0.04166666666666668,0.013888888888888883,0.013888888888888895,0.004629629629629627,0.027777777777777776,0.009259259259259254
217,0.09821428571428574,0.11320754716981132,0.13824884792626735,0.1612903225806451,0.009216589861751145,0.009216589861751145,0.0829493087557604,0.15668202764976952,0.06912442396313363,0.17050691244239638,0.05529953917050689,0.09216589861751154,0.04147465437788019,0.013824884792626722,0.013824884792626734,0.0046082949308755726,0.027649769585253458,0.009216589861751145
218,0.09734513274336286,0.11320754716981132,0.13761467889908263,0.16055045871559626,0.013761467889908249,0.009174311926605498,0.08715596330275233,0.1559633027522935,0.06880733944954127,0.1697247706422019,0.055045871559633,0.09174311926605506,0.04128440366972478,0.01376146788990825,0.013761467889908263,0.004587155963302749,0.027522935779816515,0.009174311926605498
219,0.09649122807017547,0.11320754716981132,0.1369863013698631,0.15981735159817345,0.013698630136986294,0.009132420091324195,0.09132420091324205,0.15525114155251135,0.0684931506849315,0.1689497716894978,0.05479452054794518,0.09132420091324203,0.04109589041095891,0.013698630136986295,0.013698630136986308,0.004566210045662098,0.0273972602739726,0.009132420091324195
220,0.09565217391304351,0.11320754716981132,0.13636363636363644,0.15909090909090903,0.013636363636363629,0.009090909090909085,0.09090909090909094,0.15454545454545449,0.06818181818181818,0.16818181818181824,0.05454545454545452,0.09090909090909093,0.040909090909090916,0.01363636363636363,0.013636363636363643,0.004545454545454543,0.02727272727272727,0.009090909090909085
221,0.09482758620689659,0.11320754716981132,0.1357466063348417,0.15837104072398184,0.01809954751131221,0.009049773755656102,0.09502262443438918,0.15384615384615377,0.06787330316742081,0.16742081447963808,0.054298642533936625,0.0904977375565611,0.0407239819004525,0.013574660633484156,0.013574660633484168,0.004524886877828051,0.027149321266968326,0.009049773755656102
222,0.09401709401709404,0.11320754716981132,0.13513513513513523,0.1576576576576576,0.01801801801801801,0.009009009009009004,0.09459459459459463,0.1531531531531531,0.06756756756756756,0.16666666666666674,0.05405405405405403,0.0900900900900901,0.04054054054054055,0.01801801801801801,0.01351351351351352,0.009009009009009005,0.02702702702702703,0.009009009009009004
223,0.09401709401709404,0.11214953271028037,0.13452914798206286,0.15695067264573984,0.017937219730941697,0.008968609865470847,0.09417040358744398,0.15246636771300442,0.06726457399103138,0.17040358744394626,0.05381165919282509,0.09417040358744397,0.04035874439461884,0.017937219730941697,0.013452914798206284,0.008968609865470848,0.026905829596412557,0.008968609865470847
224,0.09401709401709404,0.1111111111111111,0.1339285714285715,0.15624999999999994,0.01785714285714285,0.008928571428571423,0.09375000000000003,0.15178571428571422,0.0669642857142857,0.1696428571428572,0.05357142857142855,0.09375000000000001,0.04017857142857144,0.01785714285714285,0.013392857142857149,0.008928571428571425,0.026785714285714284,0.008928571428571423
225,0.09401709401709404,0.11009174311926606,0.13333333333333341,0.1555555555555555,0.01777777777777777,0.008888888888888884,0.09333333333333337,0.15111111111111106,0.06666666666666665,0.1733333333333334,0.05333333333333331,0.0977777777777778,0.04000000000000001,0.01777777777777777,0.01333333333333334,0.008888888888888885,0.02666666666666667,0.008888888888888884
226,0.09401709401709404,0.10909090909090909,0.13274336283185847,0.15929203539823003,0.01769911504424778,0.008849557522123888,0.09292035398230092,0.15044247787610612,0.06637168141592918,0.17699115044247793,0.05309734513274334,0.1017699115044248,0.03982300884955753,0.01769911504424778,0.013274336283185847,0.00884955752212389,0.02654867256637168,0.008849557522123888
227,0.09401709401709404,0.10810810810810811,0.13656387665198244,0.15859030837004398,0.01762114537444933,0.008810572687224665,0.09251101321585906,0.14977973568281933,0.07048458149779734,0.17621145374449346,0.057268722466960326,0.10132158590308371,0.03964757709251102,0.01762114537444933,0.01321585903083701,0.008810572687224665,0.02643171806167401,0.008810572687224665
228,0.09401709401709404,0.10714285714285714,0.13596491228070182,0.1578947368421052,0.0175438596491228,0.0087719298245614,0.09210526315789477,0.1535087719298245,0.07017543859649121,0.17543859649122814,0.0570175438596491,0.10087719298245616,0.03947368421052632,0.0175438596491228,0.013157894736842111,0.0087719298245614,0.02631578947368421,0.0087719298245614
229,0.09401709401709404,0.10619469026548672,0.13537117903930138,0.15720524017467244,0.017467248908296935,0.008733624454148468,0.09170305676855899,0.1528384279475982,0.06986899563318776,0.1746724890829695,0.056768558951965045,0.10043668122270744,0.03930131004366813,0.017467248908296935,0.013100436681222714,0.008733624454148468,0.026200873362445413,0.008733624454148468
230,0.09401709401709404,0.10526315789473684,0.13478260869565223,0.16086956521739124,0.01739130434782608,0.00869565217391304,0.09130434782608698,0.1521739130434782,0.06956521739130433,0.17826086956521744,0.05652173913043476,0.10434782608695654,0.04347826086956522,0.01739130434782608,0.013043478260869571,0.00869565217391304,0.030434782608695653,0.00869565217391304
231,0.09401709401709404,0.10434782608695652,0.13419913419913426,0.1601731601731601,0.01731601731601731,0.008658008658008655,0.09090909090909094,0.15151515151515146,0.06926406926406925,0.18181818181818188,0.05627705627705625,0.10822510822510824,0.043290043290043295,0.01731601731601731,0.012987012987012993,0.008658008658008655,0.030303030303030304,0.008658008658008655
232,0.09401709401709404,0.10344827586206896,0.13793103448275867,0.15948275862068959,0.01724137931034482,0.00862068965517241,0.09051724137931037,0.15086206896551718,0.0689655172413793,0.18534482758620696,0.05603448275862067,0.1077586206896552,0.04310344827586208,0.01724137931034482,0.012931034482758626,0.00862068965517241,0.03017241379310345,0.00862068965517241
233,0.09401709401709404,0.10256410256410256,0.13733905579399147,0.16309012875536474,0.01716738197424892,0.00858369098712446,0.0901287553648069,0.15021459227467804,0.0686695278969957,0.18454935622317603,0.05579399141630899,0.10729613733905581,0.042918454935622324,0.01716738197424892,0.0128755364806867,0.00858369098712446,0.030042918454935622,0.00858369098712446
234,0.09401709401709404,0.1016949152542373,0.14102564102564108,0.16239316239316234,0.017094017094017085,0.008547008547008543,0.08974358974358977,0.1495726495726495,0.06837606837606836,0.1880341880341881,0.05555555555555553,0.10683760683760685,0.04273504273504274,0.017094017094017085,0.012820512820512827,0.008547008547008543,0.029914529914529916,0.008547008547008543
235,0.09401709401709404,0.10084033613445378,0.14042553191489368,0.1617021276595744,0.01702127659574467,0.008510638297872335,0.0893617021276596,0.15319148936170207,0.0680851063829787,0.19148936170212771,0.05531914893617019,0.10638297872340427,0.04255319148936171,0.01702127659574467,0.012765957446808517,0.008510638297872335,0.029787234042553193,0.008510638297872335
236,0.09401709401709404,0.10833333333333334,0.13983050847457634,0.16525423728813554,0.01694915254237287,0.008474576271186435,0.08898305084745765,0.15254237288135586,0.0677966101694915,0.19067796610169496,0.05508474576271184,0.10593220338983052,0.04661016949152543,0.01694915254237287,0.012711864406779667,0.008474576271186435,0.03389830508474576,0.008474576271186435
237,0.09401709401709404,0.10743801652892562,0.13924050632911397,0.16877637130801681,0.016877637130801676,0.008438818565400838,0.08860759493670889,0.15189873417721514,0.06751054852320672,0.19409282700421948,0.05485232067510546,0.10970464135021099,0.04641350210970465,0.016877637130801676,0.01265822784810127,0.008438818565400838,0.03375527426160337,0.008438818565400838
238,0.09401709401709404,0.10655737704918032,0.138655462184874,0.16806722689075623,0.01680672268907562,0.00840336134453781,0.08823529411764709,0.1512605042016806,0.06722689075630249,0.1932773109243698,0.05462184873949578,0.10924369747899161,0.04621848739495799,0.01680672268907562,0.012605042016806728,0.00840336134453781,0.03361344537815126,0.00840336134453781
239,0.09401709401709404,0.10569105691056911,0.13807531380753144,0.1673640167364016,0.016736401673640156,0.008368200836820078,0.08786610878661091,0.15062761506276146,0.06694560669456064,0.19246861924686198,0.05439330543933052,0.10878661087866111,0.04602510460251047,0.016736401673640156,0.01255230125523013,0.008368200836820078,0.03347280334728033,0.008368200836820078
240,0.09401709401709404,0.10483870967741936,0.13750000000000007,0.1666666666666666,0.016666666666666656,0.008333333333333328,0.08750000000000004,0.14999999999999994,0.06666666666666662,0.19166666666666674,0.05416666666666665,0.10833333333333335,0.045833333333333344,0.016666666666666656,0.012500000000000006,0.008333333333333328,0.03333333333333333,0.008333333333333328
241,0.09322033898305088,0.10483870967741936,0.13692946058091293,0.16597510373443977,0.016597510373443973,0.008298755186721987,0.08713692946058094,0.1493775933609958,0.06639004149377589,0.19087136929460588,0.05394190871369292,0.10788381742738591,0.04564315352697096,0.016597510373443973,0.012448132780082994,0.008298755186721987,0.03319502074688797,0.008298755186721987
242,0.092436974789916,0.10483870967741936,0.1363636363636364,0.16528925619834706,0.0165289256198347,0.00826446280991735,0.09090909090909094,0.14876033057851235,0.0661157024793388,0.19008264462809923,0.05371900826446279,0.10743801652892564,0.04545454545454546,0.0165289256198347,0.012396694214876039,0.00826446280991735,0.03305785123966942,0.00826446280991735
243,0.0916666666666667,0.10483870967741936,0.13580246913580252,0.16460905349794233,0.02057613168724279,0.008230452674897115,0.0946502057613169,0.14814814814814808,0.06584362139917692,0.1893004115226338,0.053497942386831254,0.10699588477366256,0.045267489711934165,0.01646090534979423,0.012345679012345685,0.008230452674897115,0.03292181069958848,0.008230452674897115
244,0.09090909090909094,0.10483870967741936,0.13524590163934433,0.16393442622950813,0.020491803278688516,0.008196721311475405,0.09426229508196725,0.14754098360655732,0.06557377049180324,0.1885245901639345,0.05327868852459014,0.10655737704918035,0.04508196721311476,0.01639344262295081,0.01229508196721312,0.008196721311475405,0.03278688524590164,0.008196721311475405
245,0.09016393442622954,0.10483870967741936,0.13469387755102047,0.1632653061224489,0.020408163265306114,0.008163265306122445,0.09387755102040819,0.146938775510204,0.06530612244897956,0.18775510204081639,0.053061224489795895,0.10612244897959185,0.04489795918367347,0.020408163265306114,0.012244897959183678,0.008163265306122445,0.0326530612244898,0.01224489795918367
246,0.08943089430894312,0.10483870967741936,0.1341463414634147,0.1626016260162601,0.020325203252032513,0.008130081300813004,0.09349593495934962,0.14634146341463408,0.06910569105691054,0.18699186991869923,0.05691056910569103,0.10569105691056913,0.04471544715447155,0.02439024390243902,0.012195121951219518,0.008130081300813004,0.032520325203252036,0.01626016260162601
247,0.08870967741935487,0.10483870967741936,0.13765182186234823,0.16194331983805663,0.02024291497975708,0.008097165991902829,0.09311740890688262,0.14574898785425094,0.07287449392712547,0.18623481781376525,0.06072874493927123,0.10526315789473685,0.04453441295546559,0.024291497975708495,0.012145748987854256,0.008097165991902829,0.032388663967611336,0.01619433198380566
248,0.08800000000000002,0.10483870967741936,0.13709677419354843,0.1612903225806451,0.020161290322580638,0.008064516129032253,0.092741935483871,0.14919354838709672,0.0725806451612903,0.185483870967742,0.060483870967741916,0.10483870967741937,0.04435483870967743,0.024193548387096767,0.012096774193548392,0.008064516129032253,0.03225806451612903,0.01612903225806451
249,0.08800000000000002,0.104,0.13654618473895588,0.16064257028112444,0.020080321285140555,0.008032128514056219,0.09236947791164661,0.1485943775100401,0.072289156626506,0.18473895582329322,0.060240963855421666,0.10441767068273093,0.044176706827309245,0.02409638554216867,0.012048192771084343,0.008032128514056219,0.0321285140562249,0.01606425702811244
250,0.08800000000000002,0.10317460317460317,0.13600000000000007,0.15999999999999995,0.019999999999999993,0.007999999999999993,0.09200000000000003,0.15199999999999994,0.07199999999999997,0.18400000000000005,0.05999999999999998,0.10400000000000001,0.044000000000000004,0.023999999999999994,0.012000000000000005,0.007999999999999993,0.031999999999999994,0.01599999999999999
251,0.08800000000000002,0.10236220472440945,0.13545816733067734,0.16334661354581667,0.019920318725099594,0.007968127490039834,0.0916334661354582,0.15139442231075692,0.07171314741035854,0.1872509960159363,0.059760956175298786,0.10756972111553786,0.04382470119521913,0.023904382470119515,0.011952191235059766,0.007968127490039834,0.031872509960159355,0.01593625498007967
252,0.08800000000000002,0.1015625,0.13492063492063497,0.1666666666666666,0.019841269841269833,0.007936507936507929,0.09126984126984129,0.15079365079365073,0.0714285714285714,0.18650793650793657,0.0595238095238095,0.10714285714285715,0.043650793650793655,0.0238095238095238,0.01190476190476191,0.007936507936507929,0.03174603174603174,0.01587301587301586
253,0.08800000000000002,0.10077519379844961,0.13438735177865618,0.16600790513833988,0.019762845849802365,0.007905138339920941,0.09090909090909094,0.15415019762845844,0.07114624505928852,0.18577075098814236,0.05928853754940709,0.10671936758893281,0.04347826086956522,0.023715415019762837,0.011857707509881427,0.007905138339920941,0.031620553359683785,0.015810276679841886
254,0.08800000000000002,0.1,0.1338582677165355,0.16535433070866137,0.019685039370078733,0.007874015748031489,0.09055118110236224,0.15748031496062986,0.07086614173228344,0.18503937007874022,0.0590551181102362,0.10629921259842522,0.043307086614173235,0.02362204724409448,0.01181102362204725,0.007874015748031489,0.03149606299212598,0.01574803149606298
255,0.08800000000000002,0.09923664122137404,0.1333333333333334,0.16470588235294112,0.019607843137254895,0.007843137254901954,0.09411764705882356,0.15686274509803916,0.07058823529411762,0.18431372549019615,0.058823529411764684,0.10588235294117648,0.04313725490196079,0.023529411764705875,0.011764705882352946,0.007843137254901954,0.031372549019607836,0.01568627450980391
256,0.08800000000000002,0.10606060606060606,0.13281250000000006,0.16796874999999994,0.019531249999999993,0.007812499999999993,0.09375000000000003,0.15624999999999994,0.07031249999999997,0.18359375000000006,0.05859374999999998,0.10546875000000001,0.04296875000000001,0.023437499999999993,0.011718750000000005,0.007812499999999993,0.031249999999999993,0.01562499999999999
257,0.08730158730158732,0.10606060606060606,0.13229571984435803,0.1673151750972762,0.02334630350194552,0.007782101167315168,0.09727626459143972,0.15564202334630345,0.07003891050583655,0.18287937743190666,0.05836575875486379,0.10505836575875488,0.04280155642023347,0.02334630350194552,0.011673151750972768,0.007782101167315168,0.031128404669260694,0.01556420233463034
258,0.08661417322834648,0.10606060606060606,0.13178294573643418,0.1666666666666666,0.023255813953488365,0.007751937984496117,0.09689922480620158,0.1589147286821705,0.06976744186046509,0.18217054263565896,0.05813953488372091,0.1046511627906977,0.04263565891472869,0.023255813953488365,0.011627906976744191,0.007751937984496117,0.03100775193798449,0.015503875968992237
259,0.08593750000000003,0.10606060606060606,0.13127413127413132,0.16602316602316597,0.023166023166023158,0.007722007722007715,0.09652509652509655,0.15830115830115823,0.06949806949806947,0.18146718146718152,0.057915057915057896,0.10424710424710426,0.042471042471042476,0.023166023166023158,0.011583011583011588,0.007722007722007715,0.030888030888030882,0.015444015444015434
260,0.08527131782945739,0.10606060606060606,0.13076923076923083,0.16538461538461532,0.02307692307692307,0.007692307692307686,0.09615384615384619,0.15769230769230763,0.07307692307692305,0.18076923076923082,0.06153846153846152,0.10384615384615387,0.04230769230769232,0.02307692307692307,0.011538461538461544,0.007692307692307686,0.030769230769230764,0.015384615384615375
261,0.09230769230769234,0.10606060606060606,0.1340996168582376,0.16475095785440608,0.02298850574712643,0.007662835249042139,0.09578544061302685,0.15708812260536392,0.07279693486590036,0.18007662835249047,0.06130268199233715,0.10344827586206898,0.04214559386973181,0.02298850574712643,0.011494252873563223,0.007662835249042139,0.030651340996168574,0.015325670498084282
262,0.09230769230769234,0.10526315789473684,0.13358778625954204,0.1641221374045801,0.02290076335877862,0.007633587786259536,0.09541984732824431,0.15648854961832057,0.07251908396946562,0.17938931297709929,0.06106870229007631,0.10305343511450384,0.04198473282442749,0.02290076335877862,0.011450381679389318,0.007633587786259536,0.030534351145038156,0.015267175572519073
263,0.09230769230769234,0.1044776119402985,0.1330798479087453,0.16349809885931554,0.02281368821292775,0.011406844106463872,0.09505703422053235,0.15969581749049425,0.07224334600760454,0.17870722433460082,0.06083650190114066,0.10266159695817492,0.041825095057034224,0.02281368821292775,0.011406844106463884,0.007604562737642579,0.03041825095057033,0.01520912547528516
264,0.09230769230769234,0.1037037037037037,0.13257575757575762,0.16287878787878782,0.02272727272727272,0.011363636363636357,0.09469696969696974,0.15909090909090903,0.07196969696969695,0.1780303030303031,0.06060606060606059,0.10227272727272729,0.04166666666666667,0.02272727272727272,0.01136363636363637,0.007575757575757569,0.030303030303030293,0.015151515151515142
265,0.09230769230769234,0.10294117647058823,0.13207547169811326,0.16226415094339616,0.02264150943396226,0.011320754716981126,0.09433962264150947,0.15849056603773579,0.07169811320754714,0.18113207547169816,0.06037735849056602,0.10188679245283022,0.041509433962264156,0.02264150943396226,0.011320754716981137,0.007547169811320748,0.03018867924528301,0.0150943396226415
266,0.09230769230769234,0.10218978102189781,0.1315789473684211,0.1654135338345864,0.0225563909774436,0.011278195488721799,0.09398496240601507,0.1578947368421052,0.0714285714285714,0.18045112781954892,0.06015037593984961,0.10150375939849626,0.04511278195488722,0.0225563909774436,0.011278195488721809,0.0075187969924811965,0.0338345864661654,0.015037593984962397
267,0.09230769230769234,0.10144927536231885,0.13108614232209742,0.16479400749063666,0.022471910112359543,0.01123595505617977,0.09363295880149816,0.16104868913857673,0.07116104868913856,0.1835205992509364,0.05992509363295878,0.101123595505618,0.048689138576779034,0.022471910112359543,0.014981273408239707,0.007490636704119843,0.03370786516853931,0.01498127340823969
268,0.09160305343511453,0.10144927536231885,0.13059701492537318,0.1641791044776119,0.02238805970149253,0.011194029850746265,0.09328358208955227,0.1604477611940298,0.07089552238805967,0.18283582089552244,0.05970149253731341,0.10074626865671645,0.04850746268656717,0.02238805970149253,0.014925373134328365,0.007462686567164173,0.03358208955223879,0.014925373134328348
269,0.09090909090909094,0.10144927536231885,0.13382899628252792,0.1635687732342007,0.02230483271375464,0.01115241635687732,0.09293680297397773,0.1598513011152416,0.07063197026022303,0.18215613382899634,0.05947955390334571,0.10037174721189594,0.04832713754646841,0.02230483271375464,0.014869888475836437,0.007434944237918209,0.03345724907063196,0.014869888475836422
270,0.09022556390977446,0.10144927536231885,0.1333333333333334,0.16296296296296292,0.025925925925925918,0.011111111111111108,0.09629629629629634,0.1592592592592592,0.07037037037037035,0.18148148148148152,0.05925925925925924,0.10000000000000002,0.048148148148148155,0.022222222222222216,0.01481481481481482,0.007407407407407401,0.03333333333333332,0.014814814814814805
271,0.08955223880597017,0.10144927536231885,0.1328413284132842,0.1623616236162361,0.02583025830258302,0.011070110701107009,0.09594095940959413,0.15867158671586712,0.07011070110701105,0.18081180811808123,0.059040590405904037,0.09963099630996311,0.04797047970479706,0.022140221402214017,0.014760147601476021,0.007380073800738001,0.03321033210332102,0.014760147601476006
272,0.08888888888888892,0.10144927536231885,0.13235294117647065,0.1617647058823529,0.02573529411764705,0.01102941176470588,0.09558823529411767,0.15808823529411759,0.06985294117647056,0.18014705882352947,0.058823529411764684,0.09926470588235295,0.04779411764705883,0.02205882352941176,0.014705882352941183,0.007352941176470582,0.033088235294117634,0.014705882352941166
273,0.08888888888888892,0.10071942446043165,0.13186813186813193,0.16117216117216113,0.025641025641025633,0.010989010989010986,0.09523809523809526,0.15750915750915745,0.06959706959706957,0.17948717948717954,0.05860805860805859,0.09890109890109891,0.04761904761904762,0.021978021978021973,0.014652014652014659,0.00732600732600732,0.032967032967032954,0.014652014652014642
274,0.08888888888888892,0.1,0.13138686131386867,0.16058394160583936,0.025547445255474446,0.010948905109489048,0.09489051094890513,0.16058394160583936,0.06934306569343063,0.17883211678832123,0.05839416058394158,0.09854014598540148,0.04744525547445256,0.021897810218978096,0.014598540145985408,0.007299270072992695,0.03284671532846714,0.014598540145985392
275,0.08888888888888892,0.10638297872340426,0.13090909090909095,0.16363636363636358,0.02545454545454545,0.010909090909090906,0.09454545454545457,0.15999999999999995,0.06909090909090906,0.17818181818181825,0.058181818181818154,0.09818181818181819,0.04727272727272728,0.021818181818181813,0.014545454545454552,0.007272727272727267,0.032727272727272716,0.014545454545454535
276,0.08888888888888892,0.1056338028169014,0.13043478260869568,0.1666666666666666,0.025362318840579705,0.0108695652173913,0.09420289855072467,0.15942028985507242,0.0688405797101449,0.18115942028985516,0.057971014492753596,0.10144927536231885,0.04710144927536233,0.0217391304347826,0.014492753623188413,0.007246376811594196,0.0326086956521739,0.014492753623188396
277,0.08888888888888892,0.1048951048951049,0.12996389891696752,0.1660649819494584,0.025270758122743677,0.010830324909747288,0.09747292418772566,0.15884476534296024,0.07220216606498192,0.18050541516245494,0.057761732851985534,0.10108303249097472,0.046931407942238275,0.021660649819494577,0.014440433212996396,0.007220216606498187,0.03249097472924187,0.01444043321299638
278,0.08823529411764708,0.1048951048951049,0.13309352517985615,0.1654676258992805,0.025179856115107906,0.010791366906474817,0.0971223021582734,0.158273381294964,0.07194244604316544,0.17985611510791374,0.05755395683453235,0.10071942446043164,0.04676258992805756,0.021582733812949634,0.0143884892086331,0.007194244604316539,0.032374100719424447,0.014388489208633084
279,0.08759124087591244,0.1048951048951049,0.13261648745519716,0.16487455197132608,0.02508960573476702,0.010752688172043008,0.09677419354838712,0.1612903225806451,0.07168458781362004,0.17921146953405026,0.05734767025089603,0.10035842293906809,0.046594982078853056,0.021505376344086016,0.014336917562724021,0.007168458781362,0.03225806451612902,0.014336917562724006
280,0.08695652173913046,0.1048951048951049,0.13214285714285717,0.1642857142857142,0.024999999999999994,0.010714285714285711,0.10000000000000002,0.16071428571428567,0.0714285714285714,0.17857142857142866,0.05714285714285712,0.09999999999999999,0.04642857142857144,0.021428571428571422,0.014285714285714292,0.007142857142857136,0.03214285714285713,0.014285714285714278
281,0.0863309352517986,0.1048951048951049,0.13523131672597868,0.16370106761565828,0.024911032028469744,0.01067615658362989,0.09964412811387903,0.16014234875444835,0.07473309608540923,0.1779359430604983,0.06049822064056937,0.09964412811387899,0.04626334519572954,0.02135231316725978,0.014234875444839864,0.0071174377224199215,0.03202846975088967,0.01423487544483985
282,0.08571428571428576,0.1048951048951049,0.13475177304964542,0.16312056737588645,0.024822695035460987,0.010638297872340422,0.09929078014184399,0.15957446808510634,0.07801418439716311,0.17730496453900718,0.06028368794326239,0.09929078014184396,0.04609929078014185,0.021276595744680844,0.014184397163120574,0.007092198581560277,0.03191489361702127,0.01418439716312056
283,0.08510638297872344,0.1048951048951049,0.13427561837455834,0.16254416961130735,0.024734982332155472,0.010600706713780916,0.09893992932862192,0.15901060070671372,0.07773851590106005,0.17667844522968207,0.06007067137809185,0.09893992932862189,0.04593639575971732,0.021201413427561832,0.014134275618374565,0.007067137809187272,0.031802120141342746,0.014134275618374551
284,0.08450704225352117,0.1048951048951049,0.13732394366197187,0.16197183098591542,0.02464788732394366,0.010563380281690137,0.09859154929577466,0.15845070422535204,0.07746478873239436,0.1760563380281691,0.05985915492957744,0.09859154929577464,0.04577464788732395,0.021126760563380274,0.014084507042253527,0.007042253521126754,0.03169014084507041,0.014084507042253513
285,0.08391608391608395,0.1048951048951049,0.13684210526315793,0.16140350877192974,0.024561403508771926,0.01052631578947368,0.09824561403508773,0.1578947368421052,0.07719298245614035,0.17543859649122817,0.05964912280701752,0.0982456140350877,0.0456140350877193,0.02105263157894736,0.014035087719298251,0.007017543859649116,0.03157894736842104,0.014035087719298237
286,0.08391608391608395,0.10416666666666667,0.13636363636363638,0.16083916083916078,0.024475524475524472,0.010489510489510486,0.09790209790209792,0.15734265734265726,0.07692307692307693,0.17482517482517493,0.05944055944055941,0.09790209790209789,0.045454545454545456,0.020979020979020973,0.013986013986013993,0.006993006993006986,0.03146853146853146,0.013986013986013979
287,0.08391608391608395,0.10344827586206896,0.1358885017421603,0.16027874564459926,0.024390243902439022,0.010452961672473865,0.09756097560975611,0.15679442508710795,0.08013937282229965,0.17421602787456456,0.06271777003484318,0.09756097560975609,0.04529616724738676,0.02090592334494773,0.013937282229965164,0.0069686411149825715,0.03135888501742159,0.01393728222996515
288,0.08391608391608395,0.10273972602739725,0.13541666666666669,0.1631944444444444,0.024305555555555552,0.010416666666666664,0.09722222222222224,0.15624999999999992,0.0798611111111111,0.17708333333333343,0.06249999999999997,0.10069444444444443,0.04513888888888889,0.02083333333333333,0.013888888888888895,0.006944444444444437,0.031249999999999986,0.013888888888888883
289,0.08391608391608395,0.10204081632653061,0.13494809688581316,0.16262975778546707,0.024221453287197228,0.01038062283737024,0.09688581314878894,0.15570934256055355,0.07958477508650519,0.1764705882352942,0.06228373702422143,0.10034602076124566,0.04498269896193772,0.02076124567474048,0.013840830449826995,0.006920415224913487,0.031141868512110715,0.013840830449826983
290,0.08391608391608395,0.10135135135135136,0.13448275862068967,0.16206896551724131,0.024137931034482755,0.010344827586206895,0.09655172413793105,0.15862068965517234,0.07931034482758621,0.17931034482758632,0.06206896551724136,0.09999999999999999,0.04482758620689655,0.02068965517241379,0.013793103448275869,0.006896551724137923,0.03103448275862068,0.013793103448275857
291,0.08391608391608395,0.10067114093959731,0.13745704467353953,0.16151202749140886,0.024054982817869414,0.010309278350515462,0.09621993127147768,0.15807560137457038,0.07903780068728522,0.17869415807560146,0.06185567010309276,0.09965635738831614,0.048109965635738834,0.020618556701030924,0.017182130584192445,0.006872852233676968,0.03092783505154638,0.013745704467353946
292,0.08333333333333337,0.10067114093959731,0.136986301369863,0.16095890410958896,0.023972602739726026,0.010273972602739724,0.09931506849315071,0.1575342465753424,0.07876712328767123,0.17808219178082202,0.06164383561643833,0.09931506849315068,0.04794520547945205,0.020547945205479447,0.017123287671232883,0.006849315068493143,0.030821917808219166,0.013698630136986295
293,0.08275862068965521,0.10067114093959731,0.13651877133105803,0.1604095563139931,0.023890784982935155,0.010238907849829348,0.0989761092150171,0.15699658703071664,0.08191126279863481,0.1774744027303755,0.06484641638225254,0.09897610921501707,0.04778156996587031,0.020477815699658695,0.01706484641638226,0.006825938566552893,0.030716723549488043,0.013651877133105795
294,0.08219178082191785,0.10067114093959731,0.13945578231292516,0.15986394557823122,0.02380952380952381,0.010204081632653057,0.09863945578231295,0.15646258503401353,0.08163265306122448,0.1802721088435375,0.06462585034013603,0.09863945578231292,0.04761904761904762,0.020408163265306114,0.01700680272108844,0.006802721088435367,0.030612244897959173,0.013605442176870743
295,0.08163265306122452,0.10067114093959731,0.13898305084745763,0.15932203389830502,0.023728813559322038,0.010169491525423725,0.09830508474576273,0.15593220338983044,0.08474576271186439,0.17966101694915265,0.06440677966101692,0.09830508474576272,0.047457627118644076,0.02033898305084745,0.016949152542372888,0.006779661016949145,0.030508474576271174,0.0135593220338983
296,0.08108108108108111,0.10067114093959731,0.13851351351351351,0.1621621621621621,0.02364864864864865,0.01013513513513513,0.097972972972973,0.15540540540540534,0.08445945945945944,0.17905405405405417,0.06418918918918917,0.09797297297297297,0.0472972972972973,0.02027027027027026,0.016891891891891896,0.00675675675675675,0.030405405405405393,0.013513513513513507
297,0.08053691275167789,0.10067114093959731,0.13804713804713806,0.16161616161616155,0.02356902356902357,0.010101010101010097,0.09764309764309767,0.15488215488215482,0.08417508417508417,0.17845117845117858,0.06397306397306396,0.09764309764309764,0.04713804713804714,0.02356902356902356,0.016835016835016838,0.006734006734006728,0.03030303030303029,0.016835016835016828
298,0.08000000000000003,0.10067114093959731,0.13758389261744966,0.16107382550335564,0.02348993288590604,0.010067114093959727,0.09731543624161076,0.15436241610738247,0.08389261744966442,0.17785234899328872,0.06375838926174496,0.09731543624161074,0.04697986577181208,0.02348993288590603,0.01677852348993289,0.006711409395973147,0.030201342281879182,0.01677852348993288
299,0.0794701986754967,0.10067114093959731,0.13712374581939799,0.1605351170568561,0.023411371237458192,0.010033444816053507,0.09698996655518397,0.15384615384615374,0.08361204013377925,0.17725752508361217,0.06354515050167223,0.09698996655518395,0.046822742474916385,0.023411371237458185,0.016722408026755856,0.006688963210702334,0.030100334448160522,0.016722408026755845
