Date,Contest number,Word,1_try,2_tries,3_tries,4_tries,5_tries,6_tries,more,score,letter1,letter2,letter3,letter4,letter5,a,b,c,d,e,f,g,h,i,j,k,l,m,n,o,p,q,r,s,t,u,v,w,x,y,z
2022/12/31,560,manly,0,2,17,37,29,12,2,0.23956229,m,a,n,l,y,2,0,0,0,0,0,0,0,0,0,0,1,0,1,0,0,0,0,0,0,0,0,0,0,0,0
2022/12/30,559,molar,0,4,21,38,26,9,1,0.254545455,m,o,l,a,r,1,0,0,0,0,0,0,0,0,0,0,1,0,0,2,0,0,0,0,2,0,2,2,6,6,12
2022/12/29,558,havoc,0,2,16,38,30,12,2,0.238333333,h,a,v,o,c,2,0,0,0,0,0,0,0,0,0,0,0,0,0,1,0,0,0,0,1,0,1,1,3,3,6
2022/12/28,557,impel,0,3,21,40,25,9,1,0.252525253,i,m,p,e,l,0,0,0,0,1,0,0,0,0,0,0,0,2,0,0,1,0,0,0,2,0,2,2,6,6,12
2022/12/27,556,condo,0,2,17,35,29,14,3,0.2355,c,o,n,d,o,0,0,0,1,0,0,0,0,0,0,0,0,0,1,2,0,0,0,0,2,0,2,2,6,6,12
2022/12/26,555,judge,0,2,8,16,26,33,14,0.185521886,j,u,d,g,e,0,0,0,1,0,0,0,0,0,0,0,0,0,0,0,0,0,0,0,0,2,0,2,2,6,6
2022/12/25,554,extra,1,5,20,35,28,10,1,0.261833333,e,x,t,r,a,0,0,0,0,0,0,0,0,0,0,0,0,0,0,0,0,0,1,0,1,0,3,2,5,6,13
2022/12/24,553,poise,2,11,34,32,15,6,1,0.305280528,p,o,i,s,e,0,0,0,0,0,0,0,0,1,0,0,0,0,0,2,0,0,0,1,2,0,3,4,8,9,18
2022/12/23,552,aorta,0,7,26,35,20,10,3,0.26320132,a,o,r,t,a,1,1,1,1,1,1,1,1,1,1,1,1,1,1,3,1,1,2,1,8,1,14,13,32,37,74
2022/12/22,551,excel,0,1,13,34,34,15,2,0.228619529,e,x,c,e,l,0,0,1,0,1,0,0,0,0,0,0,0,0,0,0,0,0,0,0,0,0,0,0,0,0,0
2022/12/21,550,lunar,0,5,32,40,17,4,0,0.277891156,l,u,n,a,r,1,0,0,0,0,0,0,0,0,0,0,0,0,1,0,0,0,0,0,0,2,0,2,2,6,6
2022/12/20,549,third,1,10,47,32,9,2,0,0.314851485,t,h,i,r,d,0,0,0,0,0,0,2,2,1,0,0,0,0,0,0,0,0,1,0,1,0,3,2,5,6,13
2022/12/19,548,slate,6,14,33,27,13,5,1,0.345286195,s,l,a,t,e,1,0,0,0,0,0,0,0,0,0,0,2,0,0,0,0,0,0,0,0,0,0,0,0,0,0
2022/12/18,547,taper,0,8,28,30,20,11,3,0.266666667,t,a,p,e,r,2,0,0,0,1,0,0,0,0,0,0,0,0,0,0,1,0,0,0,2,0,2,2,6,6,12
2022/12/17,546,chord,0,7,39,38,13,3,0,0.291,c,h,o,r,d,0,0,0,0,0,0,2,2,0,0,0,0,0,0,1,0,0,1,0,2,0,4,3,8,9,19
2022/12/16,545,probe,0,6,24,32,24,11,3,0.256333333,p,r,o,b,e,0,1,0,0,0,0,0,0,0,0,0,0,0,0,1,0,0,2,0,3,0,7,5,13,15,32
2022/12/15,544,rival,0,7,27,35,22,8,1,0.269833333,r,i,v,a,l,1,0,0,0,0,0,0,0,2,0,0,0,0,0,0,0,0,0,0,0,0,0,0,0,0,0
2022/12/14,543,usual,0,3,20,39,27,10,1,0.249833333,u,s,u,a,l,1,0,0,0,0,0,0,0,0,0,0,0,0,0,0,0,0,0,2,0,1,2,5,5,9,15
2022/12/13,542,spoke,0,6,31,38,19,5,0,0.277441077,s,p,o,k,e,0,0,0,0,0,0,0,0,0,0,1,0,0,0,1,2,0,0,0,5,0,5,5,15,15,30
2022/12/12,541,apply,0,5,28,38,22,7,1,0.266336634,a,p,p,l,y,1,1,1,1,1,1,1,1,1,1,1,2,1,1,1,4,1,1,1,11,1,15,15,39,43,85
2022/12/11,540,naive,1,7,24,32,24,11,1,0.271333333,n,a,i,e,v,2,0,0,0,1,0,0,0,1,0,0,0,0,0,0,0,0,0,0,0,0,0,0,0,0,0
2022/12/10,539,knock,0,3,18,43,27,8,1,0.249833333,k,n,o,c,k,0,0,1,0,0,0,0,0,0,0,0,0,0,2,1,0,0,0,0,1,0,1,1,3,3,6
2022/12/9,538,braid,0,10,36,35,14,3,0,0.296428571,b,r,a,i,d,1,0,0,0,0,0,0,0,1,0,0,0,0,0,0,0,0,2,0,2,0,6,4,10,12,26
2022/12/8,537,infer,0,3,19,33,26,14,3,0.240986395,i,n,f,e,r,0,0,0,0,1,1,0,0,0,0,0,0,0,2,0,0,0,0,0,0,0,0,0,0,0,0
2022/12/7,536,joust,0,6,29,34,21,8,2,0.267,j,o,u,s,t,0,0,0,0,0,0,0,0,0,0,0,0,0,0,2,0,0,0,1,2,1,3,5,9,12,21
2022/12/6,535,amber,0,6,22,33,24,12,3,0.253833333,a,m,b,e,r,1,2,1,1,2,1,1,1,1,1,1,1,3,1,1,1,1,1,1,5,1,9,9,21,25,49
2022/12/5,534,woken,0,2,10,25,36,23,4,0.216166667,w,o,k,e,n,0,0,0,0,1,0,0,0,0,0,1,0,0,0,2,0,0,0,0,2,0,2,2,6,6,12
2022/12/4,533,adore,2,17,32,29,15,5,1,0.319306931,a,d,o,r,e,1,1,1,3,1,1,1,1,1,1,1,1,1,1,2,1,1,2,1,7,1,13,12,29,34,68
2022/12/3,532,torso,0,4,35,36,17,6,1,0.273400673,t,o,r,s,o,0,0,0,0,0,0,0,0,0,0,0,0,0,0,2,0,0,1,1,3,0,6,6,13,15,31
2022/12/2,531,chafe,0,6,30,33,19,9,2,0.268181818,c,h,a,f,e,1,0,0,0,0,1,2,2,0,0,0,0,0,0,0,0,0,0,0,0,0,0,0,0,0,0
2022/12/1,530,eject,0,2,11,35,36,14,2,0.2295,e,j,e,c,t,0,0,1,0,1,0,0,0,0,2,0,0,0,0,0,0,0,0,0,0,0,0,0,0,0,0
2022/11/30,529,study,0,6,30,33,19,10,2,0.267166667,s,t,u,d,y,0,0,0,1,0,0,0,0,0,0,0,0,0,0,0,0,0,0,0,0,1,0,1,1,3,3
2022/11/29,528,undue,0,3,19,35,29,13,2,0.243069307,u,n,d,u,e,0,0,0,1,0,0,0,0,0,0,0,0,0,2,0,0,0,0,0,0,1,0,1,1,3,3
2022/11/28,527,tepid,0,10,38,35,13,3,0,0.298148148,t,e,p,i,d,0,0,0,0,2,0,0,0,1,0,0,0,0,0,0,1,0,0,0,2,0,2,2,6,6,12
2022/11/27,526,happy,0,6,28,39,19,6,1,0.271548822,h,a,p,p,y,2,0,0,0,0,0,0,0,0,0,0,0,0,0,0,2,0,0,0,4,0,4,4,12,12,24
2022/11/26,525,clean,1,17,36,31,12,3,0,0.3215,c,l,e,a,n,1,0,0,0,1,0,0,0,0,0,0,2,0,0,0,0,0,0,0,0,0,0,0,0,0,0
2022/11/25,524,itchy,0,8,28,40,18,5,1,0.277666667,i,t,c,h,y,0,0,1,0,0,0,1,1,0,0,0,0,0,0,0,0,0,0,0,0,0,0,0,0,0,0
2022/11/24,523,feast,5,13,25,27,19,10,2,0.317326733,f,e,a,s,t,1,0,0,0,2,0,0,0,0,0,0,0,0,0,0,0,0,0,1,0,0,1,2,2,3,6
2022/11/23,522,drive,1,12,32,30,18,6,1,0.297666667,d,r,i,v,e,0,0,0,0,0,0,0,0,1,0,0,0,0,0,0,0,0,2,0,2,0,6,4,10,12,26
2022/11/22,521,prime,1,10,26,32,21,9,1,0.283666667,p,r,i,m,e,0,0,0,0,0,0,0,0,1,0,0,0,1,0,0,0,0,2,0,2,0,6,4,10,12,26
2022/11/21,520,axiom,0,5,19,33,27,13,3,0.2465,a,x,i,o,m,1,1,1,1,1,1,1,1,2,1,1,1,1,1,2,1,1,1,1,6,1,10,10,24,28,55
2022/11/20,519,brave,1,6,17,27,27,18,5,0.245709571,b,r,a,v,e,1,0,0,0,0,0,0,0,0,0,0,0,0,0,0,0,0,2,0,2,0,6,4,10,12,26
2022/11/19,518,avert,0,7,26,35,22,9,1,0.268166667,a,v,e,r,t,1,1,1,1,2,1,1,1,1,1,1,1,1,1,1,1,1,2,1,6,1,12,11,26,31,62
2022/11/18,517,glyph,0,2,23,49,20,5,1,0.2575,g,l,y,p,h,0,0,0,0,0,0,0,0,0,0,0,2,0,0,0,1,0,0,0,2,0,2,2,6,6,12
2022/11/17,516,there,0,14,35,33,14,4,0,0.303833333,t,h,e,r,e,0,0,0,0,1,0,2,2,0,0,0,0,0,0,0,0,0,1,0,1,0,3,2,5,6,13
2022/11/16,515,baker,0,5,16,23,24,22,10,0.2205,b,a,k,e,r,2,0,0,0,1,0,0,0,0,0,1,0,0,0,0,0,0,0,0,0,0,0,0,0,0,0
2022/11/15,514,snarl,0,5,21,31,24,15,4,0.2455,s,n,a,r,l,1,0,0,0,0,0,0,0,0,0,0,0,0,2,0,0,0,1,0,1,0,3,2,5,6,13
2022/11/14,513,maple,1,6,26,36,21,8,1,0.274747475,m,a,p,l,e,2,0,0,0,0,0,0,0,0,0,0,1,0,0,0,1,0,0,0,2,0,2,2,6,6,12
2022/11/13,512,inane,0,8,25,30,21,13,3,0.262,i,n,a,n,e,1,0,0,0,0,0,0,0,0,0,0,0,0,3,0,0,0,0,0,0,0,0,0,0,0,0
2022/11/12,511,valet,0,4,22,38,25,9,1,0.255892256,v,a,l,e,t,2,0,0,0,1,0,0,0,0,0,0,1,0,0,0,0,0,0,0,0,0,0,0,0,0,0
2022/11/11,510,medal,0,5,25,38,23,8,1,0.262666667,m,e,d,a,l,1,0,0,1,2,0,0,0,0,0,0,0,0,0,0,0,0,0,0,0,0,0,0,0,0,0
2022/11/10,509,unite,1,11,31,33,18,5,1,0.295166667,u,n,i,t,e,0,0,0,0,0,0,0,0,1,0,0,0,0,2,0,0,0,0,0,0,0,0,0,0,0,0
2022/11/9,508,rainy,1,16,38,31,11,3,1,0.317986799,r,a,i,n,y,2,0,0,0,0,0,0,0,1,0,0,0,0,1,0,0,0,0,0,0,0,0,0,0,0,0
2022/11/8,507,spell,0,4,24,37,24,9,1,0.258080808,s,p,e,l,l,0,0,0,0,1,0,0,0,0,0,0,1,0,0,0,2,0,0,0,4,0,4,4,12,12,24
2022/11/7,506,begin,0,6,26,36,23,7,1,0.267003367,b,e,g,i,n,0,0,0,0,2,0,0,0,1,0,0,0,0,0,0,0,0,0,0,0,0,0,0,0,0,0
2022/11/6,505,stale,2,19,30,27,15,6,2,0.319306931,s,t,a,l,e,1,0,0,0,0,0,0,0,0,0,0,1,0,0,0,0,0,0,0,0,0,0,0,0,0,0
2022/11/5,504,dream,5,14,31,29,15,4,1,0.335858586,d,r,e,a,m,1,0,0,0,1,0,0,0,0,0,0,0,0,0,0,0,0,2,0,2,0,6,4,10,12,26
2022/11/4,503,photo,0,5,34,43,15,3,0,0.280833333,p,h,o,t,o,0,0,0,0,0,0,2,2,0,0,0,0,0,0,1,0,0,0,0,1,0,1,1,3,3,6
2022/11/3,502,aloud,1,18,31,30,15,4,1,0.315,a,l,o,u,d,1,1,1,1,1,1,1,1,1,1,1,3,1,1,2,1,1,1,1,6,2,10,11,25,31,58
2022/11/2,501,inept,0,6,30,39,20,6,1,0.272058824,i,n,e,p,t,0,0,0,0,1,0,0,0,0,0,0,0,0,2,0,1,0,0,0,2,0,2,2,6,6,12
2022/11/1,500,piney,0,1,14,37,33,14,2,0.231188119,p,i,n,e,y,0,0,0,0,1,0,0,0,2,0,0,0,0,1,0,0,0,0,0,0,0,0,0,0,0,0
2022/10/31,499,aptly,0,3,26,41,23,7,1,0.259240924,a,p,t,l,y,1,1,1,1,1,1,1,1,1,1,1,2,1,1,1,3,1,1,1,9,1,13,13,33,37,73
2022/10/30,498,waltz,0,2,11,29,35,19,3,0.223063973,w,a,l,t,z,2,0,0,0,0,0,0,0,0,0,0,1,0,0,0,0,0,0,0,0,0,0,0,0,0,0
2022/10/29,497,libel,0,3,15,32,32,16,2,0.235666667,l,i,b,e,l,0,1,0,0,1,0,0,0,2,0,0,0,0,0,0,0,0,0,0,0,0,0,0,0,0,0
2022/10/28,496,sneak,0,7,28,36,21,7,1,0.272,s,n,e,a,k,1,0,0,0,1,0,0,0,0,0,0,0,0,2,0,0,0,0,0,0,0,0,0,0,0,0
2022/10/27,495,carry,0,4,22,35,24,12,3,0.248833333,c,a,r,r,y,2,0,0,0,0,0,0,0,0,0,0,0,0,0,0,0,0,2,0,2,0,6,4,10,12,26
2022/10/26,494,flout,0,6,28,37,21,7,1,0.2695,f,l,o,u,t,0,0,0,0,0,0,0,0,0,0,0,2,0,0,1,0,0,0,0,1,1,1,2,4,6,9
2022/10/25,493,foggy,0,2,13,35,32,15,3,0.229833333,f,o,g,g,y,0,0,0,0,0,0,0,0,0,0,0,0,0,0,2,0,0,0,0,2,0,2,2,6,6,12
2022/10/24,492,fault,0,7,27,35,22,8,1,0.269833333,f,a,u,l,t,2,0,0,0,0,0,0,0,0,0,0,1,0,0,0,0,0,0,0,0,1,0,1,1,3,3
2022/10/23,491,mummy,0,1,4,14,27,37,18,0.167326733,m,u,m,m,y,0,0,0,0,0,0,0,0,0,0,0,0,2,0,0,0,0,0,0,0,2,0,2,2,6,6
2022/10/22,490,spiel,0,7,32,36,19,6,1,0.27689769,s,p,i,e,l,0,0,0,0,1,0,0,0,1,0,0,0,0,0,0,2,0,0,0,4,0,4,4,12,12,24
2022/10/21,489,grove,0,4,18,30,28,17,3,0.239333333,g,r,o,v,e,0,0,0,0,0,0,0,0,0,0,0,0,0,0,1,0,0,2,0,3,0,7,5,13,15,32
2022/10/20,488,denim,0,5,29,40,20,5,0,0.272727273,d,e,n,i,m,0,0,0,0,2,0,0,0,1,0,0,0,0,1,0,0,0,0,0,0,0,0,0,0,0,0
2022/10/19,487,quirk,0,3,23,39,24,9,2,0.252166667,q,u,i,r,k,0,0,0,0,0,0,0,0,1,0,0,0,0,0,0,0,0,1,0,1,2,3,4,7,12,19
2022/10/18,486,exist,0,5,24,38,23,8,1,0.261952862,e,x,i,s,t,0,0,0,0,0,0,0,0,1,0,0,0,0,0,0,0,0,0,1,0,0,1,2,2,3,6
2022/10/17,485,stein,1,12,34,32,16,5,1,0.300660066,s,t,e,i,n,0,0,0,0,1,0,0,0,1,0,0,0,0,0,0,0,0,0,0,0,0,0,0,0,0,0
2022/10/16,484,spade,1,8,29,36,19,6,1,0.284666667,s,p,a,d,e,1,0,0,1,0,0,0,0,0,0,0,0,0,0,0,2,0,0,0,4,0,4,4,12,12,24
2022/10/15,483,catch,0,7,18,20,15,16,23,0.203703704,c,a,t,c,h,2,0,1,0,0,0,0,0,0,0,0,0,0,0,0,0,0,0,0,0,0,0,0,0,0,0
2022/10/14,482,floor,0,3,23,44,24,6,0,0.259666667,f,l,o,o,r,0,0,0,0,0,0,0,0,0,0,0,2,0,0,2,0,0,0,0,2,0,2,2,6,6,12
2022/10/13,481,equal,0,5,23,35,25,11,2,0.254950495,e,q,u,a,l,1,0,0,0,0,0,0,0,0,0,0,0,0,0,0,0,2,0,0,2,1,4,3,9,11,21
2022/10/12,480,ionic,0,2,13,25,28,21,11,0.206833333,i,o,n,i,c,0,0,0,0,0,0,0,0,1,0,0,0,0,1,2,0,0,0,0,2,0,2,2,6,6,12
2022/10/11,479,valid,0,4,28,38,21,8,1,0.263666667,v,a,l,i,d,2,0,0,0,0,0,0,0,1,0,0,1,0,0,0,0,0,0,0,0,0,0,0,0,0,0
2022/10/10,478,enjoy,0,3,12,29,33,20,3,0.226833333,e,n,j,o,y,0,0,0,0,0,0,0,0,0,1,0,0,0,2,1,0,0,0,0,1,0,1,1,3,3,6
2022/10/9,477,howdy,0,2,13,32,32,17,4,0.225666667,h,o,w,d,y,0,0,0,1,0,0,0,0,0,0,0,0,0,0,2,0,0,0,0,2,0,2,2,6,6,12
2022/10/8,476,vigor,0,2,15,35,31,14,2,0.235185185,v,i,g,o,r,0,0,0,0,0,0,0,0,2,0,0,0,0,0,1,0,0,0,0,1,0,1,1,3,3,6
2022/10/7,475,dandy,0,2,11,23,29,24,11,0.202166667,d,a,n,d,y,2,0,0,1,0,0,0,0,0,0,0,0,0,1,0,0,0,0,0,0,0,0,0,0,0,0
2022/10/6,474,sloth,1,10,38,34,13,3,0,0.305723906,s,l,o,t,h,0,0,0,0,0,0,0,0,0,0,0,2,0,0,1,0,0,0,0,1,0,1,1,3,3,6
2022/10/5,473,marxh,0,9,30,35,19,6,1,0.2805,m,a,r,x,h,2,0,0,0,0,0,0,0,0,0,0,0,0,0,0,0,0,1,0,1,0,3,2,5,6,13
2022/10/4,472,bough,0,3,17,35,28,13,3,0.239225589,b,o,u,g,h,0,0,0,0,0,0,0,0,0,0,0,0,0,0,2,0,0,0,0,2,1,2,3,7,9,15
2022/10/3,471,sting,1,10,30,33,18,8,2,0.286111111,s,t,i,n,g,0,0,0,0,0,0,0,0,1,0,0,0,0,1,0,0,0,0,0,0,0,0,0,0,0,0
2022/10/2,470,twine,0,6,28,40,20,5,1,0.271666667,t,w,i,n,e,0,0,0,0,0,0,0,0,1,0,0,0,0,1,0,0,0,0,0,0,0,0,0,0,0,0
2022/10/1,469,leave,0,4,16,34,31,12,1,0.245238095,l,e,a,v,e,1,0,0,0,2,0,0,0,0,0,0,0,0,0,0,0,0,0,0,0,0,0,0,0,0,0
2022/9/30,468,scorn,0,8,31,35,20,6,1,0.278052805,s,c,o,r,n,0,0,2,0,0,0,0,0,0,0,0,0,0,0,1,0,0,1,0,2,0,4,3,8,9,19
2022/9/29,467,scald,0,4,23,36,24,11,2,0.253,s,c,a,l,d,1,0,2,0,0,0,0,0,0,0,0,1,0,0,0,0,0,0,0,0,0,0,0,0,0,0
2022/9/28,466,usurp,0,3,21,38,26,9,1,0.252040816,u,s,u,r,p,0,0,0,0,0,0,0,0,0,0,0,0,0,0,0,0,0,1,2,1,1,5,7,10,15,28
2022/9/27,465,soggy,0,2,18,38,28,11,2,0.241750842,s,o,g,g,y,0,0,0,0,0,0,0,0,0,0,0,0,0,0,2,0,0,0,0,2,0,2,2,6,6,12
2022/9/26,464,brisk,0,5,23,38,24,7,1,0.261564626,b,r,i,s,k,0,0,0,0,0,0,0,0,1,0,0,0,0,0,0,0,0,2,1,2,0,7,6,12,15,32
2022/9/25,463,admit,0,10,25,34,22,8,1,0.275666667,a,d,m,i,t,1,1,1,3,1,1,1,1,2,1,1,1,2,1,1,1,1,1,1,5,1,9,9,21,25,49
2022/9/24,462,grate,1,14,29,28,16,8,3,0.294949495,g,r,a,t,e,1,0,0,0,0,0,0,0,0,0,0,0,0,0,0,0,0,2,0,2,0,6,4,10,12,26
2022/9/23,461,glory,0,6,30,39,19,5,0,0.276599327,g,l,o,r,y,0,0,0,0,0,0,0,0,0,0,0,2,0,0,1,0,0,1,0,2,0,4,3,8,9,19
2022/9/22,460,saint,1,14,35,29,15,5,1,0.3075,s,a,i,n,t,2,0,0,0,0,0,0,0,1,0,0,0,0,1,0,0,0,0,0,0,0,0,0,0,0,0
2022/9/21,459,recap,0,5,30,35,21,8,1,0.267833333,r,e,c,a,p,1,0,1,0,2,0,0,0,0,0,0,0,0,0,0,0,0,0,0,0,0,0,0,0,0,0
2022/9/20,458,alike,0,6,20,33,27,12,2,0.253166667,a,l,i,k,e,1,1,1,1,1,1,1,1,2,1,2,3,1,1,1,1,1,1,1,5,1,9,9,21,25,49
2022/9/19,457,trice,0,5,24,25,18,17,11,0.231833333,t,r,i,c,e,0,0,1,0,0,0,0,0,1,0,0,0,0,0,0,0,0,2,0,2,0,6,4,10,12,26
2022/9/18,456,stick,1,9,36,35,14,4,0,0.30016835,s,t,i,c,k,0,0,1,0,0,0,0,0,1,0,0,0,0,0,0,0,0,0,0,0,0,0,0,0,0,0
2022/9/17,455,chute,0,11,37,36,12,3,0,0.3003367,c,h,u,t,e,0,0,0,0,0,0,2,2,0,0,0,0,0,0,0,0,0,0,0,0,1,0,1,1,3,3
2022/9/16,454,parer,0,0,4,11,15,22,48,0.1075,p,a,r,e,r,2,0,0,0,1,0,0,0,0,0,0,0,0,0,0,0,0,1,0,1,0,3,2,5,6,13
2022/9/15,453,doubt,1,12,32,34,16,4,0,0.303367003,d,o,u,b,t,0,1,0,0,0,0,0,0,0,0,0,0,0,0,2,0,0,0,0,2,1,2,3,7,9,15
2022/9/14,452,thyme,1,5,24,41,23,5,0,0.274579125,t,h,y,m,e,0,0,0,0,0,0,2,2,0,0,0,0,1,0,0,0,0,0,0,0,0,0,0,0,0,0
2022/9/13,451,alpha,0,3,19,40,28,9,1,0.249333333,a,l,p,h,a,1,1,1,1,1,1,2,2,1,1,1,3,1,1,1,2,1,1,1,7,1,11,11,27,31,61
2022/9/12,450,booze,0,1,7,27,38,23,4,0.210166667,b,o,o,z,e,0,0,0,0,0,0,0,0,0,0,0,0,0,0,3,0,0,0,0,3,0,3,3,9,9,18
2022/9/11,449,tibia,0,1,14,40,30,12,2,0.234006734,t,i,b,i,a,0,1,0,0,0,0,0,0,3,0,0,0,0,0,0,0,0,0,0,0,0,0,0,0,0,0
2022/9/10,448,lofty,0,4,19,34,27,13,3,0.244,l,o,f,t,y,0,0,0,0,0,1,0,0,0,0,0,0,0,0,2,0,0,0,0,2,0,2,2,6,6,12
2022/9/9,447,theme,0,8,29,40,18,4,0,0.282154882,t,h,e,m,e,0,0,0,0,1,0,2,2,0,0,0,0,1,0,0,0,0,0,0,0,0,0,0,0,0,0
2022/9/8,446,class,0,4,21,32,22,13,7,0.238047138,c,l,a,s,s,1,0,0,0,0,0,0,0,0,0,0,2,0,0,0,0,0,0,1,0,0,1,2,2,3,6
2022/9/7,445,leery,0,3,17,37,28,12,2,0.242592593,l,e,e,r,y,0,0,0,0,3,0,0,0,0,0,0,0,0,0,0,0,0,1,0,1,0,3,2,5,6,13
2022/9/6,444,taunt,0,4,19,27,21,16,13,0.2195,t,a,u,n,t,2,0,0,0,0,0,0,0,0,0,0,0,0,1,0,0,0,0,0,0,1,0,1,1,3,3
2022/9/5,443,whoop,0,1,16,47,29,7,1,0.243069307,w,h,o,o,p,0,0,0,0,0,0,2,2,0,0,0,0,0,0,2,0,0,0,0,2,0,2,2,6,6,12
2022/9/4,442,inter,0,6,25,36,23,8,1,0.265319865,i,n,t,e,r,0,0,0,0,1,0,0,0,0,0,0,0,0,2,0,0,0,0,0,0,0,0,0,0,0,0
2022/9/3,441,gully,0,1,9,27,31,25,7,0.206166667,g,u,l,l,y,0,0,0,0,0,0,0,0,0,0,0,2,0,0,0,0,0,0,0,0,2,0,2,2,6,6
2022/9/2,440,charm,1,12,32,34,16,5,1,0.299009901,c,h,a,r,m,1,0,0,0,0,0,2,2,0,0,0,0,0,0,0,0,0,1,0,1,0,3,2,5,6,13
2022/9/1,439,fungi,0,2,18,41,28,9,1,0.245959596,f,u,n,g,i,0,0,0,0,0,0,0,0,0,0,0,0,0,1,0,0,0,0,0,0,2,0,2,2,6,6
2022/8/31,438,prize,0,5,12,20,32,26,5,0.222333333,p,r,i,z,e,0,0,0,0,0,0,0,0,1,0,0,0,0,0,0,0,0,2,0,2,0,6,4,10,12,26
2022/8/30,437,onset,0,4,29,40,21,6,1,0.266006601,o,n,s,e,t,0,0,0,0,1,0,0,0,0,0,0,0,0,2,0,0,0,0,1,0,0,1,2,2,3,6
2022/8/29,436,chief,1,6,32,38,18,5,0,0.286,c,h,i,e,f,0,0,0,0,1,0,2,2,1,0,0,0,0,0,0,0,0,0,0,0,0,0,0,0,0,0
2022/8/28,435,gauze,0,2,11,24,31,25,8,0.208250825,g,a,u,z,e,2,0,0,0,0,0,0,0,0,0,0,0,0,0,0,0,0,0,0,0,1,0,1,1,3,3
2022/8/27,434,ruder,0,2,16,33,29,16,4,0.2305,r,u,d,e,r,0,0,0,1,1,0,0,0,0,0,0,0,0,0,0,0,0,0,0,0,2,0,2,2,6,6
2022/8/26,433,irony,0,6,29,34,21,8,1,0.26969697,i,r,o,n,y,0,0,0,0,0,0,0,0,0,0,0,0,0,1,1,0,0,2,0,3,0,7,5,13,15,32
2022/8/25,432,clown,1,8,29,36,20,6,1,0.283828383,c,l,o,w,n,0,0,0,0,0,0,0,0,0,0,0,2,0,0,1,0,0,0,0,1,0,1,1,3,3,6
2022/8/24,431,needy,0,2,21,41,26,9,1,0.2495,n,e,e,d,y,0,0,0,1,3,0,0,0,0,0,0,0,0,0,0,0,0,0,0,0,0,0,0,0,0,0
2022/8/23,430,woven,0,2,13,32,32,17,3,0.227946128,w,o,v,e,n,0,0,0,0,1,0,0,0,0,0,0,0,0,0,2,0,0,0,0,2,0,2,2,6,6,12
2022/8/22,429,merit,0,7,33,37,17,5,0,0.282659933,m,e,r,i,t,0,0,0,0,2,0,0,0,1,0,0,0,0,0,0,0,0,1,0,1,0,3,2,5,6,13
2022/8/21,428,waste,1,7,19,27,24,17,5,0.252166667,w,a,s,t,e,2,0,0,0,0,0,0,0,0,0,0,0,0,0,0,0,0,0,1,0,0,1,2,2,3,6
2022/8/20,427,treat,1,22,32,26,14,5,1,0.324752475,t,r,e,a,t,1,0,0,0,1,0,0,0,0,0,0,0,0,0,0,0,0,2,0,2,0,6,4,10,12,26
2022/8/19,426,shrug,0,4,23,36,26,10,1,0.255333333,s,h,r,u,g,0,0,0,0,0,0,2,2,0,0,0,0,0,0,0,0,0,1,0,1,1,3,3,6,9,16
2022/8/18,425,twang,0,3,22,43,25,7,1,0.254950495,t,w,a,n,g,1,0,0,0,0,0,0,0,0,0,0,0,0,1,0,0,0,0,0,0,0,0,0,0,0,0
2022/8/17,424,twice,1,6,28,38,21,6,1,0.277557756,t,w,i,c,e,0,0,1,0,0,0,0,0,1,0,0,0,0,0,0,0,0,0,0,0,0,0,0,0,0,0
2022/8/16,423,gruel,0,3,19,39,29,9,1,0.248833333,g,r,u,e,l,0,0,0,0,1,0,0,0,0,0,0,0,0,0,0,0,0,2,0,2,1,6,5,11,15,29
2022/8/15,422,poker,0,4,17,30,27,17,5,0.234,p,o,k,e,r,0,0,0,0,1,0,0,0,0,0,1,0,0,0,2,0,0,0,0,2,0,2,2,6,6,12
2022/8/14,421,khaki,0,2,17,33,28,16,4,0.231833333,k,h,a,k,i,1,0,0,0,0,0,2,2,0,0,1,0,0,0,0,0,0,0,0,0,0,0,0,0,0,0
2022/8/13,420,hunky,0,1,11,33,25,22,7,0.212962963,h,u,n,k,y,0,0,0,0,0,0,0,0,0,0,1,0,0,1,0,0,0,0,0,0,2,0,2,2,6,6
2022/8/12,419,label,0,4,18,32,29,15,2,0.243,l,a,b,e,l,2,1,0,0,1,0,0,0,0,0,0,0,0,0,0,0,0,0,0,0,0,0,0,0,0,0
2022/8/11,418,glean,0,6,23,37,24,8,1,0.263131313,g,l,e,a,n,1,0,0,0,1,0,0,0,0,0,0,2,0,0,0,0,0,0,0,0,0,0,0,0,0,0
2022/8/10,417,cling,0,4,20,34,27,13,2,0.247333333,c,l,i,n,g,0,0,0,0,0,0,0,0,1,0,0,2,0,1,0,0,0,0,0,0,0,0,0,0,0,0
2022/8/9,416,patty,0,2,16,39,29,12,1,0.241245791,p,a,t,t,y,2,0,0,0,0,0,0,0,0,0,0,0,0,0,0,0,0,0,0,0,0,0,0,0,0,0
2022/8/8,415,unfit,0,3,24,38,25,9,1,0.255,u,n,f,i,t,0,0,0,0,0,1,0,0,1,0,0,0,0,2,0,0,0,0,0,0,0,0,0,0,0,0
2022/8/7,414,smear,0,2,16,39,29,12,2,0.238833333,s,m,e,a,r,1,0,0,0,1,0,0,0,0,0,0,0,2,0,0,0,0,0,0,0,0,0,0,0,0,0
2022/8/6,413,alien,3,17,31,29,15,4,0,0.330808081,a,l,i,e,n,1,1,1,1,2,1,1,1,2,1,1,3,1,1,1,1,1,1,1,5,1,9,9,21,25,49
2022/8/5,412,buggy,0,1,9,29,34,22,5,0.212166667,b,u,g,g,y,0,0,0,0,0,0,0,0,0,0,0,0,0,0,0,0,0,0,0,0,2,0,2,2,6,6
2022/8/4,411,rhyme,0,4,22,39,25,8,1,0.256734007,r,h,y,m,e,0,0,0,0,0,0,2,2,0,0,0,0,1,0,0,0,0,0,0,0,0,0,0,0,0,0
2022/8/3,410,youth,1,5,17,31,29,15,3,0.249669967,y,o,u,t,h,0,0,0,0,0,0,0,0,0,0,0,0,0,0,2,0,0,0,0,2,1,2,3,7,9,15
2022/8/2,409,coyly,0,0,4,17,28,35,15,0.171885522,c,o,y,l,y,0,0,0,0,0,0,0,0,0,0,0,1,0,0,2,0,0,0,0,2,0,2,2,6,6,12
2022/8/1,408,quart,0,5,20,33,27,13,2,0.249833333,q,u,a,r,t,1,0,0,0,0,0,0,0,0,0,0,0,0,0,0,0,0,1,0,1,2,3,4,7,12,19
2022/7/31,407,cramp,1,8,26,33,19,10,2,0.276599327,c,r,a,m,p,1,0,0,0,0,0,0,0,0,0,0,0,1,0,0,0,0,2,0,2,0,6,4,10,12,26
2022/7/30,406,bluff,0,2,14,42,31,10,1,0.240333333,b,l,u,f,f,0,0,0,0,0,1,0,0,0,0,0,2,0,0,0,0,0,0,0,0,1,0,1,1,3,3
2022/7/29,405,upset,0,5,30,38,20,6,1,0.27,u,p,s,e,t,0,0,0,0,1,0,0,0,0,0,0,0,0,0,0,2,0,0,1,4,0,5,6,14,15,30
2022/7/28,404,stomp,0,7,26,32,21,11,2,0.264646465,s,t,o,m,p,0,0,0,0,0,0,0,0,0,0,0,0,1,0,1,0,0,0,0,1,0,1,1,3,3,6
2022/7/27,403,motto,0,1,11,36,36,14,1,0.229292929,m,o,t,t,o,0,0,0,0,0,0,0,0,0,0,0,0,0,0,2,0,0,0,0,2,0,2,2,6,6,12
2022/7/26,402,cinch,0,2,15,24,22,25,13,0.203630363,c,i,n,c,h,0,0,1,0,0,0,0,0,2,0,0,0,0,1,0,0,0,0,0,0,0,0,0,0,0,0
2022/7/25,401,elope,0,4,22,32,26,13,2,0.249494949,e,l,o,p,e,0,0,0,0,0,0,0,0,0,0,0,2,0,0,1,1,0,0,0,3,0,3,3,9,9,18
2022/7/24,400,power,2,6,19,29,24,15,4,0.261447811,p,o,w,e,r,0,0,0,0,1,0,0,0,0,0,0,0,0,0,2,0,0,0,0,2,0,2,2,6,6,12
2022/7/23,399,midge,0,2,18,39,28,10,2,0.242592593,m,i,d,g,e,0,0,0,1,0,0,0,0,2,0,0,0,0,0,0,0,0,0,0,0,0,0,0,0,0,0
2022/7/22,398,tryst,0,3,26,41,23,6,1,0.260166667,t,r,y,s,t,0,0,0,0,0,0,0,0,0,0,0,0,0,0,0,0,0,2,1,2,0,7,6,12,15,32
2022/7/21,397,aphid,0,6,24,36,23,9,2,0.261,a,p,h,i,d,1,1,1,1,1,1,2,2,2,1,1,1,1,1,1,3,1,1,1,9,1,13,13,33,37,73
2022/7/20,396,trite,0,4,14,22,22,23,15,0.204,t,r,i,t,e,0,0,0,0,0,0,0,0,1,0,0,0,0,0,0,0,0,2,0,2,0,6,4,10,12,26
2022/7/19,395,angry,0,5,27,38,21,7,1,0.266329966,a,n,g,r,y,1,1,1,1,1,1,1,1,1,1,1,1,1,3,1,1,1,2,1,6,1,12,11,26,31,62
2022/7/18,394,flock,0,4,22,37,27,9,1,0.254833333,f,l,o,c,k,0,0,1,0,0,0,0,0,0,0,0,2,0,0,1,0,0,0,0,1,0,1,1,3,3,6
2022/7/17,393,wacky,0,3,18,39,27,10,2,0.245622896,w,a,c,k,y,2,0,1,0,0,0,0,0,0,0,1,0,0,0,0,0,0,0,0,0,0,0,0,0,0,0
2022/7/16,392,roomy,0,2,17,41,28,10,2,0.241833333,r,o,o,m,y,0,0,0,0,0,0,0,0,0,0,0,0,1,0,3,0,0,0,0,3,0,3,3,9,9,18
2022/7/15,391,wedge,0,2,11,32,37,17,2,0.226732673,w,e,d,g,e,0,0,0,1,2,0,0,0,0,0,0,0,0,0,0,0,0,0,0,0,0,0,0,0,0,0
2022/7/14,390,liver,0,4,16,26,25,20,8,0.223905724,l,i,v,e,r,0,0,0,0,1,0,0,0,2,0,0,0,0,0,0,0,0,0,0,0,0,0,0,0,0,0
2022/7/13,389,bland,0,7,31,38,18,4,0,0.281632653,b,l,a,n,d,1,0,0,0,0,0,0,0,0,0,0,2,0,1,0,0,0,0,0,0,0,0,0,0,0,0
2022/7/12,388,night,1,8,27,27,17,13,7,0.263166667,n,i,g,h,t,0,0,0,0,0,0,1,1,2,0,0,0,0,0,0,0,0,0,0,0,0,0,0,0,0,0
2022/7/11,387,madam,0,3,13,35,34,14,2,0.234818482,m,a,d,a,m,3,0,0,1,0,0,0,0,0,0,0,0,0,0,0,0,0,0,0,0,0,0,0,0,0,0
2022/7/10,386,berth,0,7,24,35,24,9,1,0.2655,b,e,r,t,h,0,0,0,0,2,0,0,0,0,0,0,0,0,0,0,0,0,1,0,1,0,3,2,5,6,13
2022/7/9,385,stead,1,6,20,27,28,16,3,0.254290429,s,t,e,a,d,1,0,0,0,1,0,0,0,0,0,0,0,0,0,0,0,0,0,0,0,0,0,0,0,0,0
2022/7/8,384,voice,1,5,24,35,25,9,1,0.2675,v,o,i,c,e,0,0,1,0,0,0,0,0,1,0,0,0,0,0,2,0,0,0,0,2,0,2,2,6,6,12
2022/7/7,383,agape,0,2,18,36,27,15,3,0.236633663,a,g,a,p,e,2,1,1,1,1,1,1,1,1,1,1,1,1,1,1,2,1,1,1,7,1,11,11,27,31,61
2022/7/6,382,fluff,0,0,4,25,44,23,4,0.202166667,f,l,u,f,f,0,0,0,0,0,1,0,0,0,0,0,2,0,0,0,0,0,0,0,0,1,0,1,1,3,3
2022/7/5,381,field,1,6,25,36,23,9,1,0.271617162,f,i,e,l,d,0,0,0,0,1,0,0,0,2,0,0,1,0,0,0,0,0,0,0,0,0,0,0,0,0,0
2022/7/4,380,sever,0,2,13,27,29,21,7,0.215993266,s,e,v,e,r,0,0,0,0,3,0,0,0,0,0,0,0,0,0,0,0,0,0,0,0,0,0,0,0,0,0
2022/7/3,379,lilac,0,2,17,38,29,12,1,0.242087542,l,i,l,a,c,1,0,0,0,0,0,0,0,2,0,0,1,0,0,0,0,0,0,0,0,0,0,0,0,0,0
2022/7/2,378,egret,0,3,14,33,33,15,2,0.235166667,e,g,r,e,t,0,0,0,0,1,0,0,0,0,0,0,0,0,0,0,0,0,1,0,1,0,3,2,5,6,13
2022/7/1,377,pinto,0,5,25,41,22,6,1,0.264833333,p,i,n,t,o,0,0,0,0,0,0,0,0,2,0,0,0,0,1,0,0,0,0,0,0,0,0,0,0,0,0
2022/6/30,376,hutch,0,1,12,28,28,21,9,0.208080808,h,u,t,c,h,0,0,1,0,0,0,0,0,0,0,0,0,0,0,0,0,0,0,0,0,2,0,2,2,6,6
2022/6/29,375,gawky,0,1,5,22,33,28,10,0.191245791,g,a,w,k,y,2,0,0,0,0,0,0,0,0,0,1,0,0,0,0,0,0,0,0,0,0,0,0,0,0,0
2022/6/28,374,droll,0,2,16,31,31,17,3,0.231166667,d,r,o,l,l,0,0,0,0,0,0,0,0,0,0,0,1,0,0,1,0,0,2,0,3,0,7,5,13,15,32
2022/6/27,373,retro,0,6,24,35,24,9,1,0.263131313,r,e,t,r,o,0,0,0,0,2,0,0,0,0,0,0,0,0,0,0,0,0,1,0,1,0,3,2,5,6,13
2022/6/26,372,rusty,0,9,37,34,13,5,1,0.290572391,r,u,s,t,y,0,0,0,0,0,0,0,0,0,0,0,0,0,0,0,0,0,0,1,0,2,1,4,4,9,12
2022/6/25,371,beady,0,3,19,39,29,10,1,0.248019802,b,e,a,d,y,1,0,0,1,2,0,0,0,0,0,0,0,0,0,0,0,0,0,0,0,0,0,0,0,0,0
2022/6/24,370,smite,0,6,23,35,24,11,2,0.257920792,s,m,i,t,e,0,0,0,0,0,0,0,0,1,0,0,0,2,0,0,0,0,0,0,0,0,0,0,0,0,0
2022/6/23,369,brink,0,4,22,41,24,7,1,0.258080808,b,r,i,n,k,0,0,0,0,0,0,0,0,1,0,0,0,0,1,0,0,0,2,0,2,0,6,4,10,12,26
2022/6/22,368,awful,0,5,21,33,27,12,2,0.2515,a,w,f,u,l,1,1,1,1,1,2,1,1,1,1,1,1,1,1,1,1,1,1,1,5,2,9,10,22,28,52
2022/6/21,367,gloat,0,8,21,31,26,12,2,0.2595,g,l,o,a,t,1,0,0,0,0,0,0,0,0,0,0,2,0,0,1,0,0,0,0,1,0,1,1,3,3,6
2022/6/20,366,input,0,5,30,38,21,6,1,0.269306931,i,n,p,u,t,0,0,0,0,0,0,0,0,0,0,0,0,0,2,0,1,0,0,0,2,1,2,3,7,9,15
2022/6/19,365,loser,1,10,28,32,19,8,2,0.284666667,l,o,s,e,r,0,0,0,0,1,0,0,0,0,0,0,0,0,0,2,0,0,0,1,2,0,3,4,8,9,18
2022/6/18,364,cacao,0,1,9,27,36,23,4,0.212833333,c,a,c,a,o,3,0,1,0,0,0,0,0,0,0,0,0,0,0,0,0,0,0,0,0,0,0,0,0,0,0
2022/6/17,363,blown,0,6,23,35,26,10,1,0.260231023,b,l,o,w,n,0,0,0,0,0,0,0,0,0,0,0,2,0,0,1,0,0,0,0,1,0,1,1,3,3,6
2022/6/16,362,apron,0,7,30,38,19,5,1,0.276333333,a,p,r,o,n,1,1,1,1,1,1,1,1,1,1,1,1,1,1,2,3,1,2,1,11,1,17,16,41,46,92
2022/6/15,361,primo,0,3,22,38,25,10,2,0.25,p,r,i,m,o,0,0,0,0,0,0,0,0,1,0,0,0,1,0,0,0,0,2,0,2,0,6,4,10,12,26
2022/6/14,360,atone,2,16,34,29,14,4,1,0.3205,a,t,o,n,e,1,1,1,1,1,1,1,1,1,1,1,1,1,2,2,1,1,1,1,6,1,10,10,24,28,55
2022/6/13,359,donor,0,3,27,38,23,7,1,0.26026936,d,o,n,o,r,0,0,0,0,0,0,0,0,0,0,0,0,0,1,3,0,0,0,0,3,0,3,3,9,9,18
2022/6/12,358,float,1,12,30,32,18,6,1,0.296,f,l,o,a,t,1,0,0,0,0,0,0,0,0,0,0,2,0,0,1,0,0,0,0,1,0,1,1,3,3,6
2022/6/11,357,goose,0,2,12,28,32,21,5,0.219,g,o,o,s,e,0,0,0,0,0,0,0,0,0,0,0,0,0,0,3,0,0,0,1,3,0,4,5,11,12,24
2022/6/10,356,piety,0,4,25,41,22,7,1,0.2615,p,i,e,t,y,0,0,0,0,1,0,0,0,2,0,0,0,0,0,0,0,0,0,0,0,0,0,0,0,0,0
2022/6/9,355,girth,0,6,23,33,23,12,3,0.255166667,g,i,r,t,h,0,0,0,0,0,0,0,0,2,0,0,0,0,0,0,0,0,1,0,1,0,3,2,5,6,13
2022/6/8,354,trait,0,6,22,35,24,11,2,0.257166667,t,r,a,i,t,1,0,0,0,0,0,0,0,1,0,0,0,0,0,0,0,0,2,0,2,0,6,4,10,12,26
2022/6/7,353,flood,0,3,20,40,28,8,1,0.251,f,l,o,o,d,0,0,0,0,0,0,0,0,0,0,0,2,0,0,2,0,0,0,0,2,0,2,2,6,6,12
2022/6/6,352,gloom,0,2,14,35,35,13,1,0.235833333,g,l,o,o,m,0,0,0,0,0,0,0,0,0,0,0,2,0,0,2,0,0,0,0,2,0,2,2,6,6,12
2022/6/5,351,depth,0,6,28,39,20,6,1,0.270833333,d,e,p,t,h,0,0,0,0,2,0,0,0,0,0,0,0,0,0,0,1,0,0,0,2,0,2,2,6,6,12
2022/6/4,350,froth,0,5,22,35,25,11,1,0.256734007,f,r,o,t,h,0,0,0,0,0,0,0,0,0,0,0,0,0,0,1,0,0,2,0,3,0,7,5,13,15,32
2022/6/3,349,peach,1,13,38,32,13,3,0,0.312666667,p,e,a,c,h,1,0,1,0,2,0,0,0,0,0,0,0,0,0,0,0,0,0,0,0,0,0,0,0,0,0
2022/6/2,348,showy,0,2,16,37,30,13,2,0.2375,s,h,o,w,y,0,0,0,0,0,0,2,2,0,0,0,0,0,0,1,0,0,0,0,1,0,1,1,3,3,6
2022/6/1,347,creak,0,5,21,32,25,14,3,0.248333333,c,r,e,a,k,1,0,0,0,1,0,0,0,0,0,0,0,0,0,0,0,0,2,0,2,0,6,4,10,12,26
2022/5/31,346,manor,0,6,27,34,21,10,2,0.263666667,m,a,n,o,r,2,0,0,0,0,0,0,0,0,0,0,0,0,1,1,0,0,0,0,1,0,1,1,3,3,6
2022/5/30,345,atoll,0,6,28,36,21,8,1,0.268666667,a,t,o,l,l,1,1,1,1,1,1,1,1,1,1,1,2,1,1,2,1,1,1,1,6,1,10,10,24,28,55
2022/5/29,344,bayou,0,6,17,33,29,13,2,0.248833333,b,a,y,o,u,2,0,0,0,0,0,0,0,0,0,0,0,0,0,1,0,0,0,0,1,0,1,1,3,3,6
2022/5/28,343,crept,0,4,27,38,22,7,1,0.263299663,c,r,e,p,t,0,0,0,0,1,0,0,0,0,0,0,0,0,0,0,1,0,2,0,4,0,8,6,16,18,38
2022/5/27,342,tiara,0,8,36,33,17,6,1,0.283663366,t,i,a,r,a,1,0,0,0,0,0,0,0,2,0,0,0,0,0,0,0,0,1,0,1,0,3,2,5,6,13
2022/5/26,341,asset,0,7,28,34,21,8,1,0.271380471,a,s,s,e,t,1,1,1,1,2,1,1,1,1,1,1,1,1,1,1,1,1,1,4,5,1,12,15,27,34,67
2022/5/25,340,vouch,0,2,9,25,33,24,6,0.210606061,v,o,u,c,h,0,0,1,0,0,0,0,0,0,0,0,0,0,0,2,0,0,0,0,2,1,2,3,7,9,15
2022/5/24,339,album,0,5,26,35,24,9,1,0.262166667,a,l,b,u,m,1,2,1,1,1,1,1,1,1,1,1,3,1,1,1,1,1,1,1,5,2,9,10,22,28,52
2022/5/23,338,hinge,0,5,25,37,22,9,2,0.259833333,h,i,n,g,e,0,0,0,0,0,0,0,0,2,0,0,0,0,1,0,0,0,0,0,0,0,0,0,0,0,0
2022/5/22,337,money,1,7,26,36,21,8,1,0.277,m,o,n,e,y,0,0,0,0,1,0,0,0,0,0,0,0,0,1,2,0,0,0,0,2,0,2,2,6,6,12
2022/5/21,336,scrap,1,9,28,34,20,8,1,0.283828383,s,c,r,a,p,1,0,2,0,0,0,0,0,0,0,0,0,0,0,0,0,0,1,0,1,0,3,2,5,6,13
2022/5/20,335,gamer,1,4,17,28,26,18,6,0.238666667,g,a,m,e,r,2,0,0,0,1,0,0,0,0,0,0,0,1,0,0,0,0,0,0,0,0,0,0,0,0,0
2022/5/19,334,glass,0,4,19,33,27,14,3,0.243166667,g,l,a,s,s,1,0,0,0,0,0,0,0,0,0,0,2,0,0,0,0,0,0,1,0,0,1,2,2,3,6
2022/5/18,333,scour,0,8,34,35,17,5,1,0.283166667,s,c,o,u,r,0,0,2,0,0,0,0,0,0,0,0,0,0,0,1,0,0,0,0,1,1,1,2,4,6,9
2022/5/17,332,being,0,4,22,37,26,10,1,0.2545,b,e,i,n,g,0,0,0,0,2,0,0,0,1,0,0,0,0,1,0,0,0,0,0,0,0,0,0,0,0,0
2022/5/16,331,delve,0,2,14,32,33,16,2,0.231649832,d,e,l,v,e,0,0,0,0,2,0,0,0,0,0,0,1,0,0,0,0,0,0,0,0,0,0,0,0,0,0
2022/5/15,330,yield,0,4,16,29,29,18,4,0.233833333,y,i,e,l,d,0,0,0,0,1,0,0,0,2,0,0,1,0,0,0,0,0,0,0,0,0,0,0,0,0,0
2022/5/14,329,metal,1,10,31,34,18,7,1,0.290196078,m,e,t,a,l,1,0,0,0,2,0,0,0,0,0,0,0,0,0,0,0,0,0,0,0,0,0,0,0,0,0
2022/5/13,328,tipsy,0,6,33,38,17,5,1,0.277333333,t,i,p,s,y,0,0,0,0,0,0,0,0,2,0,0,0,0,0,0,1,0,0,1,2,0,3,4,8,9,18
2022/5/12,327,slung,0,2,16,37,31,13,2,0.237128713,s,l,u,n,g,0,0,0,0,0,0,0,0,0,0,0,2,0,1,0,0,0,0,0,0,1,0,1,1,3,3
2022/5/11,326,farce,0,9,26,32,21,9,1,0.27414966,f,a,r,c,e,2,0,1,0,0,0,0,0,0,0,0,0,0,0,0,0,0,1,0,1,0,3,2,5,6,13
2022/5/10,325,gecko,0,2,16,38,29,12,2,0.238720539,g,e,c,k,o,0,0,1,0,2,0,0,0,0,0,1,0,0,0,0,0,0,0,0,0,0,0,0,0,0,0
2022/5/9,324,shine,1,14,32,30,17,6,1,0.302640264,s,h,i,n,e,0,0,0,0,0,0,2,2,1,0,0,0,0,1,0,0,0,0,0,0,0,0,0,0,0,0
2022/5/8,323,canny,0,2,10,30,34,20,4,0.219666667,c,a,n,n,y,2,0,0,0,0,0,0,0,0,0,0,0,0,2,0,0,0,0,0,0,0,0,0,0,0,0
2022/5/7,322,midst,0,3,25,39,24,9,1,0.256270627,m,i,d,s,t,0,0,0,1,0,0,0,0,2,0,0,0,0,0,0,0,0,0,1,0,0,1,2,2,3,6
2022/5/6,321,badge,0,4,20,35,26,12,2,0.248653199,b,a,d,g,e,2,0,0,1,0,0,0,0,0,0,0,0,0,0,0,0,0,0,0,0,0,0,0,0,0,0
2022/5/5,320,homer,0,3,16,26,24,19,12,0.213,h,o,m,e,r,0,0,0,0,1,0,0,0,0,0,0,0,1,0,2,0,0,0,0,2,0,2,2,6,6,12
2022/5/4,319,train,6,26,32,22,10,3,0,0.38047138,t,r,a,i,n,1,0,0,0,0,0,0,0,1,0,0,0,0,0,0,0,0,2,0,2,0,6,4,10,12,26
2022/5/3,318,hairy,1,8,24,33,23,10,1,0.275166667,h,a,i,r,y,2,0,0,0,0,0,0,0,1,0,0,0,0,0,0,0,0,1,0,1,0,3,2,5,6,13
2022/5/2,317,story,1,10,23,29,24,11,2,0.2755,s,t,o,r,y,0,0,0,0,0,0,0,0,0,0,0,0,0,0,1,0,0,1,0,2,0,4,3,8,9,19
2022/5/1,316,forgo,0,1,9,26,37,23,3,0.214478114,f,o,r,g,o,0,0,0,0,0,0,0,0,0,0,0,0,0,0,2,0,0,1,0,3,0,5,4,11,12,25
2022/4/30,315,larva,0,2,10,25,35,23,4,0.216329966,l,a,r,v,a,2,0,0,0,0,0,0,0,0,0,0,0,0,0,0,0,0,1,0,1,0,3,2,5,6,13
2022/4/29,314,tash,2,19,34,27,13,4,1,0.3285,t,a,s,h,,2,0,0,0,0,0,1,1,0,0,0,0,0,0,0,0,0,0,1,0,0,1,2,2,3,6
2022/4/28,313,zesty,0,2,12,27,30,22,7,0.214166667,z,e,s,t,y,0,0,0,0,2,0,0,0,0,0,0,0,0,0,0,0,0,0,1,0,0,1,2,2,3,6
2022/4/27,312,shown,0,6,26,36,22,8,1,0.266666667,s,h,o,w,n,0,0,0,0,0,0,2,2,0,0,0,0,0,0,1,0,0,0,0,1,0,1,1,3,3,6
2022/4/26,311,heist,1,13,32,31,16,6,1,0.301166667,h,e,i,s,t,0,0,0,0,2,0,0,0,1,0,0,0,0,0,0,0,0,0,1,0,0,1,2,2,3,6
2022/4/25,310,askew,0,3,13,29,32,19,4,0.2265,a,s,k,e,w,1,1,1,1,2,1,1,1,1,1,2,1,1,1,1,1,1,1,3,5,1,11,13,25,31,61
2022/4/24,309,inert,0,7,27,34,22,9,1,0.269,i,n,e,r,t,0,0,0,0,1,0,0,0,0,0,0,0,0,2,0,0,0,1,0,1,0,3,2,5,6,13
2022/4/23,308,olive,1,6,25,34,23,10,1,0.271,o,l,i,v,e,0,0,0,0,0,0,0,0,1,0,0,2,0,0,0,0,0,0,0,0,0,0,0,0,0,0
2022/4/22,307,plant,2,19,39,28,10,3,0,0.336633663,p,l,a,n,t,1,0,0,0,0,0,0,0,0,0,0,2,0,1,0,0,0,0,0,0,0,0,0,0,0,0
2022/4/21,306,oxide,0,2,11,30,33,21,4,0.220462046,o,x,i,d,e,0,0,0,1,0,0,0,0,1,0,0,0,0,0,0,0,0,0,0,0,0,0,0,0,0,0
2022/4/20,305,cargo,0,5,20,34,27,12,2,0.250666667,c,a,r,g,o,2,0,0,0,0,0,0,0,0,0,0,0,0,0,0,0,0,1,0,1,0,3,2,5,6,13
2022/4/19,304,foyer,0,2,10,19,19,23,26,0.168855219,f,o,y,e,r,0,0,0,0,1,0,0,0,0,0,0,0,0,0,2,0,0,0,0,2,0,2,2,6,6,12
2022/4/18,303,flair,1,8,30,36,18,6,1,0.286,f,l,a,i,r,1,0,0,0,0,0,0,0,1,0,0,2,0,0,0,0,0,0,0,0,0,0,0,0,0,0
2022/4/17,302,ample,0,4,20,35,27,11,2,0.248989899,a,m,p,l,e,1,1,1,1,1,1,1,1,1,1,1,2,3,1,1,2,1,1,1,7,1,11,11,27,31,61
2022/4/16,301,cheek,0,3,19,40,28,9,1,0.249333333,c,h,e,e,k,0,0,0,0,2,0,2,2,0,0,0,0,0,0,0,0,0,0,0,0,0,0,0,0,0,0
2022/4/15,300,shame,1,11,22,25,21,15,5,0.267833333,s,h,a,m,e,1,0,0,0,0,0,2,2,0,0,0,0,1,0,0,0,0,0,0,0,0,0,0,0,0,0
2022/4/14,299,mince,0,6,24,35,24,10,1,0.262166667,m,i,n,c,e,0,0,1,0,0,0,0,0,2,0,0,0,0,1,0,0,0,0,0,0,0,0,0,0,0,0
2022/4/13,298,chunk,1,4,29,42,18,5,1,0.276,c,h,u,n,k,0,0,0,0,0,0,2,2,0,0,0,0,0,1,0,0,0,0,0,0,1,0,1,1,3,3
2022/4/12,297,royal,1,5,24,36,23,9,1,0.268686869,r,o,y,a,l,1,0,0,0,0,0,0,0,0,0,0,0,0,0,2,0,0,0,0,2,0,2,2,6,6,12
2022/4/11,296,squad,0,3,20,33,27,14,2,0.243939394,s,q,u,a,d,1,0,0,0,0,0,0,0,0,0,0,0,0,0,0,0,2,0,0,2,1,4,3,9,11,21
2022/4/10,295,black,1,10,31,34,18,6,1,0.291419142,b,l,a,c,k,1,0,1,0,0,0,0,0,0,0,0,2,0,0,0,0,0,0,0,0,0,0,0,0,0,0
2022/4/9,294,stair,2,21,36,26,11,4,1,0.335313531,s,t,a,i,r,1,0,0,0,0,0,0,0,1,0,0,0,0,0,0,0,0,0,0,0,0,0,0,0,0,0
2022/4/8,293,scare,1,12,23,26,21,13,4,0.275333333,s,c,a,r,e,1,0,2,0,0,0,0,0,0,0,0,0,0,0,0,0,0,1,0,1,0,3,2,5,6,13
2022/4/7,292,foray,0,2,14,31,31,19,4,0.225577558,f,o,r,a,y,1,0,0,0,0,0,0,0,0,0,0,0,0,0,2,0,0,1,0,3,0,5,4,11,12,25
2022/4/6,291,comma,0,2,13,33,33,17,3,0.227887789,c,o,m,m,a,0,0,0,0,0,0,0,0,0,0,0,0,2,0,2,0,0,0,0,2,0,2,2,6,6,12
2022/4/5,290,natal,0,2,14,32,32,17,3,0.229,n,a,t,a,l,3,0,0,0,0,0,0,0,0,0,0,0,0,0,0,0,0,0,0,0,0,0,0,0,0,0
2022/4/4,289,shawl,0,3,16,31,30,16,3,0.234848485,s,h,a,w,l,1,0,0,0,0,0,2,2,0,0,0,0,0,0,0,0,0,0,0,0,0,0,0,0,0,0
2022/4/3,288,fewer,0,2,10,24,32,26,6,0.210666667,f,e,w,e,r,0,0,0,0,3,0,0,0,0,0,0,0,0,0,0,0,0,0,0,0,0,0,0,0,0,0
2022/4/2,287,trope,1,16,33,28,15,6,1,0.31,t,r,o,p,e,0,0,0,0,0,0,0,0,0,0,0,0,0,0,1,1,0,2,0,5,0,9,7,19,21,44
2022/4/1,286,snout,1,4,19,27,26,18,5,0.242833333,s,n,o,u,t,0,0,0,0,0,0,0,0,0,0,0,0,0,2,1,0,0,0,0,1,1,1,2,4,6,9
2022/3/31,285,lowly,0,2,9,26,32,24,8,0.206930693,l,o,w,l,y,0,0,0,0,0,0,0,0,0,0,0,1,0,0,2,0,0,0,0,2,0,2,2,6,6,12
2022/3/30,284,stove,0,5,16,24,27,21,6,0.22962963,s,t,o,v,e,0,0,0,0,0,0,0,0,0,0,0,0,0,0,1,0,0,0,0,1,0,1,1,3,3,6
2022/3/29,283,shall,0,3,17,30,28,17,4,0.233333333,s,h,a,l,l,1,0,0,0,0,0,2,2,0,0,0,1,0,0,0,0,0,0,0,0,0,0,0,0,0,0
2022/3/28,282,found,1,6,17,22,20,21,14,0.224422442,f,o,u,n,d,0,0,0,0,0,0,0,0,0,0,0,0,0,1,2,0,0,0,0,2,1,2,3,7,9,15
2022/3/27,281,nymph,1,2,18,44,26,26,9,0.226455026,n,y,m,p,h,0,0,0,0,0,0,0,0,0,0,0,0,1,0,0,1,0,0,0,2,0,2,2,6,6,12
2022/3/26,280,epoxy,0,2,13,31,33,18,3,0.226833333,e,p,o,x,y,0,0,0,0,0,0,0,0,0,0,0,0,0,0,1,2,0,0,0,5,0,5,5,15,15,30
2022/3/25,279,depot,0,5,29,36,20,7,1,0.268707483,d,e,p,o,t,0,0,0,0,2,0,0,0,0,0,0,0,0,0,1,1,0,0,0,3,0,3,3,9,9,18
2022/3/24,278,chest,1,14,35,31,14,5,1,0.307425743,c,h,e,s,t,0,0,0,0,1,0,2,2,0,0,0,0,0,0,0,0,0,0,1,0,0,1,2,2,3,6
2022/3/23,277,purge,1,4,22,35,26,11,2,0.258580858,p,u,r,g,e,0,0,0,0,0,0,0,0,0,0,0,0,0,0,0,0,0,1,0,1,2,3,4,7,12,19
2022/3/22,276,slosh,0,2,19,36,27,13,2,0.241414141,s,l,o,s,h,0,0,0,0,0,0,0,0,0,0,0,2,0,0,1,0,0,0,1,1,0,2,3,5,6,12
2022/3/21,275,their,2,14,36,30,13,4,0,0.320875421,t,h,e,i,r,0,0,0,0,1,0,2,2,1,0,0,0,0,0,0,0,0,0,0,0,0,0,0,0,0,0
2022/3/20,274,renew,0,4,20,33,27,13,2,0.247306397,r,e,n,e,w,0,0,0,0,3,0,0,0,0,0,0,0,0,1,0,0,0,0,0,0,0,0,0,0,0,0
2022/3/19,273,allow,0,5,21,32,26,14,3,0.247854785,a,l,l,o,w,1,1,1,1,1,1,1,1,1,1,1,4,1,1,2,1,1,1,1,6,1,10,10,24,28,55
2022/3/18,272,saute,1,8,31,34,19,6,1,0.286333333,s,a,u,t,e,2,0,0,0,0,0,0,0,0,0,0,0,0,0,0,0,0,0,0,0,1,0,1,1,3,3
2022/3/17,271,movie,1,5,18,30,26,16,3,0.251178451,m,o,v,i,e,0,0,0,0,0,0,0,0,1,0,0,0,0,0,2,0,0,0,0,2,0,2,2,6,6,12
2022/3/16,270,cater,1,7,19,22,19,18,15,0.229042904,c,a,t,e,r,2,0,0,0,1,0,0,0,0,0,0,0,0,0,0,0,0,0,0,0,0,0,0,0,0,0
2022/3/15,269,tease,1,16,32,30,16,6,1,0.30751634,t,e,a,s,e,1,0,0,0,2,0,0,0,0,0,0,0,0,0,0,0,0,0,1,0,0,1,2,2,3,6
2022/3/14,268,smelt,0,5,19,33,28,13,2,0.2485,s,m,e,l,t,0,0,0,0,1,0,0,0,0,0,0,1,2,0,0,0,0,0,0,0,0,0,0,0,0,0
2022/3/13,267,focus,1,4,23,36,24,10,1,0.263973064,f,o,c,u,s,0,0,1,0,0,0,0,0,0,0,0,0,0,0,2,0,0,0,0,2,1,2,3,7,9,15
2022/3/12,266,today,1,7,29,35,20,7,1,0.280833333,t,o,d,a,y,1,0,0,1,0,0,0,0,0,0,0,0,0,0,2,0,0,0,0,2,0,2,2,6,6,12
2022/3/11,265,watch,1,6,14,18,17,24,20,0.205666667,w,a,t,c,h,2,0,1,0,0,0,0,0,0,0,0,0,0,0,0,0,0,0,0,0,0,0,0,0,0,0
2022/3/10,264,lapse,0,8,31,34,19,7,1,0.278,l,a,p,s,e,2,0,0,0,0,0,0,0,0,0,0,0,0,0,0,1,0,0,1,2,0,3,4,8,9,18
2022/3/9,263,month,1,5,26,37,22,8,1,0.2715,m,o,n,t,h,0,0,0,0,0,0,0,0,0,0,0,0,0,1,2,0,0,0,0,2,0,2,2,6,6,12
2022/3/8,262,sweet,1,5,18,31,28,15,2,0.2535,s,w,e,e,t,0,0,0,0,2,0,0,0,0,0,0,0,0,0,0,0,0,0,0,0,0,0,0,0,0,0
2022/3/7,261,hoard,1,9,30,34,19,7,1,0.28679868,h,o,a,r,d,1,0,0,0,0,0,0,0,0,0,0,0,0,0,2,0,0,1,0,3,0,5,4,11,12,25
2022/3/6,260,cloth,1,8,33,34,17,7,1,0.287788779,c,l,o,t,h,0,0,0,0,0,0,0,0,0,0,0,2,0,0,1,0,0,0,0,1,0,1,1,3,3,6
2022/3/5,259,brine,1,9,25,29,22,12,3,0.272112211,b,r,i,n,e,0,0,0,0,0,0,0,0,1,0,0,0,0,1,0,0,0,2,0,2,0,6,4,10,12,26
2022/3/4,258,ahead,1,5,20,35,26,12,2,0.258580858,a,h,e,a,d,2,1,1,1,2,1,3,3,1,1,1,1,1,1,1,1,1,1,1,5,1,9,9,21,25,49
2022/3/3,257,mourn,1,8,29,34,19,8,1,0.283,m,o,u,r,n,0,0,0,0,0,0,0,0,0,0,0,0,0,0,2,0,0,1,0,3,1,5,5,12,15,28
2022/3/2,256,nasty,1,7,26,31,21,11,2,0.272222222,n,a,s,t,y,2,0,0,0,0,0,0,0,0,0,0,0,0,0,0,0,0,0,1,0,0,1,2,2,3,6
2022/3/1,255,rupee,1,2,17,35,30,13,2,0.245833333,r,u,p,e,e,0,0,0,0,1,0,0,0,0,0,0,0,0,0,0,1,0,0,0,2,2,2,4,8,12,18
2022/2/28,254,choke,1,8,30,36,18,6,1,0.286,c,h,o,k,e,0,0,0,0,0,0,2,2,0,0,1,0,0,0,1,0,0,0,0,1,0,1,1,3,3,6
2022/2/27,253,chant,1,9,33,33,16,7,1,0.291166667,c,h,a,n,t,1,0,0,0,0,0,2,2,0,0,0,0,0,1,0,0,0,0,0,0,0,0,0,0,0,0
2022/2/26,252,spill,1,5,26,34,22,10,2,0.267333333,s,p,i,l,l,0,0,0,0,0,0,0,0,1,0,0,1,0,0,0,2,0,0,0,4,0,4,4,12,12,24
2022/2/25,251,vivid,1,2,10,29,33,21,4,0.226833333,v,i,v,i,d,0,0,0,0,0,0,0,0,3,0,0,0,0,0,0,0,0,0,0,0,0,0,0,0,0,0
2022/2/24,250,bloke,1,6,21,32,25,12,2,0.262626263,b,l,o,k,e,0,0,0,0,0,0,0,0,0,0,1,2,0,0,1,0,0,0,0,1,0,1,1,3,3,6
2022/2/23,249,trove,1,5,16,24,25,22,8,0.232673267,t,r,o,v,e,0,0,0,0,0,0,0,0,0,0,0,0,0,0,1,0,0,2,0,3,0,7,5,13,15,32
2022/2/22,248,thorn,1,14,38,30,12,4,0,0.315488215,t,h,o,r,n,0,0,0,0,0,0,2,2,0,0,0,0,0,0,1,0,0,1,0,2,0,4,3,8,9,19
2022/2/21,247,other,1,9,26,30,21,10,2,0.278114478,o,t,h,e,r,0,0,0,0,1,0,1,1,0,0,0,0,0,0,0,0,0,0,0,0,0,0,0,0,0,0
2022/2/20,246,tacit,1,4,21,32,26,14,3,0.252805281,t,a,c,i,t,2,0,1,0,0,0,0,0,1,0,0,0,0,0,0,0,0,0,0,0,0,0,0,0,0,0
2022/2/19,245,swill,1,1,8,19,31,30,10,0.201166667,s,w,i,l,l,0,0,0,0,0,0,0,0,1,0,0,1,0,0,0,0,0,0,0,0,0,0,0,0,0,0
2022/2/18,244,dodge,1,3,15,29,27,19,7,0.230858086,d,o,d,g,e,0,0,0,1,0,0,0,0,0,0,0,0,0,0,2,0,0,0,0,2,0,2,2,6,6,12
2022/2/17,243,shake,1,6,16,23,24,21,9,0.233833333,s,h,a,k,e,1,0,0,0,0,0,2,2,0,0,1,0,0,0,0,0,0,0,0,0,0,0,0,0,0,0
2022/2/16,242,caulk,1,4,20,31,26,15,3,0.251166667,c,a,u,l,k,2,0,0,0,0,0,0,0,0,0,0,1,0,0,0,0,0,0,0,0,1,0,1,1,3,3
2022/2/15,241,aroma,1,6,25,33,22,11,2,0.268166667,a,r,o,m,a,1,1,1,1,1,1,1,1,1,1,1,1,2,1,2,1,1,3,1,8,1,16,14,34,40,81
2022/2/14,240,cynic,1,6,25,33,22,11,2,0.268166667,c,y,n,i,c,0,0,0,0,0,0,0,0,1,0,0,0,0,1,0,0,0,0,0,0,0,0,0,0,0,0
2022/2/13,239,robin,1,6,29,34,21,8,1,0.277,r,o,b,i,n,0,1,0,0,0,0,0,0,1,0,0,0,0,0,2,0,0,0,0,2,0,2,2,6,6,12
2022/2/12,238,ultra,1,7,23,34,24,10,1,0.271333333,u,l,t,r,a,0,0,0,0,0,0,0,0,0,0,0,2,0,0,0,0,0,1,0,1,0,3,2,5,6,13
2022/2/11,237,ulcer,1,4,18,30,28,16,3,0.247666667,u,l,c,e,r,0,0,1,0,1,0,0,0,0,0,0,2,0,0,0,0,0,0,0,0,0,0,0,0,0,0
2022/2/10,236,pause,1,8,26,32,21,10,2,0.275333333,p,a,u,s,e,2,0,0,0,0,0,0,0,0,0,0,0,0,0,0,0,0,0,1,0,1,1,3,3,6,9
2022/2/9,235,humor,1,5,22,34,25,11,2,0.261666667,h,u,m,o,r,0,0,0,0,0,0,0,0,0,0,0,0,1,0,1,0,0,0,0,1,2,1,3,5,9,12
2022/2/8,234,frame,1,10,20,24,24,17,3,0.265656566,f,r,a,m,e,1,0,0,0,0,0,0,0,0,0,0,0,1,0,0,0,0,2,0,2,0,6,4,10,12,26
2022/2/7,233,elder,1,3,13,24,30,24,5,0.228333333,e,l,d,e,r,0,0,0,1,1,0,0,0,0,0,0,2,0,0,0,0,0,0,0,0,0,0,0,0,0,0
2022/2/6,232,skill,1,3,17,33,27,16,3,0.244833333,s,k,i,l,l,0,0,0,0,0,0,0,0,1,0,2,1,0,0,0,0,0,0,0,0,0,0,0,0,0,0
2022/2/5,231,aloft,1,4,22,36,25,11,2,0.259075908,a,l,o,f,t,1,1,1,1,1,2,1,1,1,1,1,3,1,1,2,1,1,1,1,6,1,10,10,24,28,55
2022/2/4,230,pleat,1,10,28,31,19,9,2,0.283833333,p,l,e,a,t,1,0,0,0,1,0,0,0,0,0,0,2,0,0,0,0,0,0,0,0,0,0,0,0,0,0
2022/2/3,229,shard,1,7,22,28,25,14,4,0.259075908,s,h,a,r,d,1,0,0,0,0,0,2,2,0,0,0,0,0,0,0,0,0,1,0,1,0,3,2,5,6,13
2022/2/2,228,moist,3,13,32,29,16,7,1,0.314686469,m,o,i,s,t,0,0,0,0,0,0,0,0,1,0,0,0,0,0,2,0,0,0,1,2,0,3,4,8,9,18
2022/2/1,227,those,1,13,34,30,15,6,1,0.303333333,t,h,o,s,e,0,0,0,0,0,0,2,2,0,0,0,0,0,0,1,0,0,0,1,1,0,2,3,5,6,12
2022/1/31,226,light,1,10,25,27,19,12,5,0.271548822,l,i,g,h,t,0,0,0,0,0,0,1,1,2,0,0,0,0,0,0,0,0,0,0,0,0,0,0,0,0,0
2022/1/30,225,wrung,0,2,18,39,27,12,2,0.2415,w,r,u,n,g,0,0,0,0,0,0,0,0,0,0,0,0,0,1,0,0,0,2,0,2,1,6,5,11,15,29
2022/1/29,224,could,1,7,29,35,20,8,1,0.27970297,c,o,u,l,d,0,0,0,0,0,0,0,0,0,0,0,1,0,0,2,0,0,0,0,2,1,2,3,7,9,15
2022/1/28,223,perky,1,4,17,30,27,17,4,0.244,p,e,r,k,y,0,0,0,0,2,0,0,0,0,0,1,0,0,0,0,0,0,1,0,1,0,3,2,5,6,13
2022/1/27,222,mount,1,9,29,33,19,7,1,0.286700337,m,o,u,n,t,0,0,0,0,0,0,0,0,0,0,0,0,0,1,2,0,0,0,0,2,1,2,3,7,9,15
2022/1/26,221,whack,1,4,22,37,24,10,2,0.2605,w,h,a,c,k,1,0,1,0,0,0,2,2,0,0,0,0,0,0,0,0,0,0,0,0,0,0,0,0,0,0
2022/1/25,220,sugar,1,6,25,34,23,9,1,0.272053872,s,u,g,a,r,1,0,0,0,0,0,0,0,0,0,0,0,0,0,0,0,0,0,0,0,2,0,2,2,6,6
2022/1/24,219,knoll,1,1,11,29,33,21,4,0.225166667,k,n,o,l,l,0,0,0,0,0,0,0,0,0,0,0,1,0,2,1,0,0,0,0,1,0,1,1,3,3,6
2022/1/23,218,crimp,1,5,28,38,20,7,1,0.275,c,r,i,m,p,0,0,0,0,0,0,0,0,1,0,0,0,1,0,0,0,0,2,0,2,0,6,4,10,12,26
2022/1/22,217,wince,1,3,17,33,29,15,3,0.244719472,w,i,n,c,e,0,0,1,0,0,0,0,0,2,0,0,0,0,1,0,0,0,0,0,0,0,0,0,0,0,0
2022/1/21,216,prick,1,8,30,33,19,7,1,0.285016835,p,r,i,c,k,0,0,1,0,0,0,0,0,1,0,0,0,0,0,0,0,0,2,0,2,0,6,4,10,12,26
2022/1/20,215,robot,1,8,29,34,20,8,1,0.282178218,r,o,b,o,t,0,1,0,0,0,0,0,0,0,0,0,0,0,0,3,0,0,0,0,3,0,3,3,9,9,18
2022/1/19,214,point,1,16,37,28,12,4,1,0.317171717,p,o,i,n,t,0,0,0,0,0,0,0,0,1,0,0,0,0,1,2,0,0,0,0,2,0,2,2,6,6,12
2022/1/18,213,proxy,1,2,11,24,31,26,6,0.21980198,p,r,o,x,y,0,0,0,0,0,0,0,0,0,0,0,0,0,0,1,0,0,2,0,3,0,7,5,13,15,32
2022/1/17,212,shire,1,8,32,32,18,8,2,0.283168317,s,h,i,r,e,0,0,0,0,0,0,2,2,1,0,0,0,0,0,0,0,0,1,0,1,0,3,2,5,6,13
2022/1/16,211,solar,1,9,32,32,18,7,1,0.289333333,s,o,l,a,r,1,0,0,0,0,0,0,0,0,0,0,1,0,0,2,0,0,0,0,2,0,2,2,6,6,12
2022/1/15,210,panic,1,9,35,34,16,5,1,0.294059406,p,a,n,i,c,2,0,0,0,0,0,0,0,1,0,0,0,0,1,0,0,0,0,0,0,0,0,0,0,0,0
2022/1/14,209,tangy,1,4,21,30,24,15,5,0.248,t,a,n,g,y,2,0,0,0,0,0,0,0,0,0,0,0,0,1,0,0,0,0,0,0,0,0,0,0,0,0
2022/1/13,208,abbey,1,2,13,29,31,20,3,0.233501684,a,b,b,e,y,1,4,1,1,2,1,1,1,1,1,1,1,1,1,1,1,1,1,1,5,1,9,9,21,25,49
2022/1/12,207,favor ,1,4,15,26,29,21,4,0.238,f,a,v,o,r,2,0,0,0,0,0,0,0,0,0,0,0,0,0,1,0,0,0,0,1,0,1,1,3,3,6
2022/1/11,206,drink,1,9,35,34,16,5,1,0.294059406,d,r,i,n,k,0,0,0,0,0,0,0,0,1,0,0,0,0,1,0,0,0,2,0,2,0,6,4,10,12,26
2022/1/10,205,query,1,4,16,30,30,17,2,0.246666667,q,u,e,r,y,0,0,0,0,1,0,0,0,0,0,0,0,0,0,0,0,0,1,0,1,2,3,4,7,12,19
2022/1/9,204,gorge,1,3,13,27,30,22,4,0.2325,g,o,r,g,e,0,0,0,0,0,0,0,0,0,0,0,0,0,0,2,0,0,1,0,3,0,5,4,11,12,25
2022/1/8,203,crank,1,5,23,31,24,14,2,0.2605,c,r,a,n,k,1,0,0,0,0,0,0,0,0,0,0,0,0,1,0,0,0,2,0,2,0,6,4,10,12,26
2022/1/7,202,slump,1,3,23,39,24,9,1,0.262166667,s,l,u,m,p,0,0,0,0,0,0,0,0,0,0,0,2,1,0,0,0,0,0,0,0,1,0,1,1,3,3
