Date,Contest number,-0.318991719,Word,Number_of_reported_results,Number_in_hard_mode,1_try,2_tries,3_tries,4_tries,5_tries,6_tries,more,,a,b,c,d,e,f,g,h,i,j,k,l,m,n,o,p,q,r,s,t,u,v,w,x,y,z
2022/12/31,560,2,manly,20380,1899,0,2,17,37,29,12,2,0.23956229,1,0,0,0,0,0,0,0,0,0,0,1,1,1,0,0,0,0,0,0,0,0,0,0,1,0
2022/12/30,559,2,molar,21204,1973,0,4,21,38,26,9,1,0.254545455,1,0,0,0,0,0,0,0,0,0,0,1,1,0,1,0,0,1,0,0,0,0,0,0,0,0
2022/12/29,558,2,havoc,20001,1919,0,2,16,38,30,12,2,0.238333333,1,0,1,0,0,0,0,1,0,0,0,0,0,0,1,0,0,0,0,0,0,1,0,0,0,0
2022/12/28,557,2,impel,20160,1937,0,3,21,40,25,9,1,0.252525253,0,0,0,0,1,0,0,0,1,0,0,1,1,0,0,1,0,0,0,0,0,0,0,0,0,0
2022/12/27,556,2,condo,20879,2012,0,2,17,35,29,14,3,0.2355,0,0,1,1,0,0,0,0,0,0,0,0,0,1,2,0,0,0,0,0,0,0,0,0,0,0
2022/12/26,555,1,judge,20011,2043,0,2,8,16,26,33,14,0.185521886,0,0,0,1,1,0,1,0,0,1,0,0,0,0,0,0,0,0,0,0,1,0,0,0,0,0
2022/12/25,554,2,extra,15554,1562,1,5,20,35,28,10,1,0.261833333,1,0,0,0,1,0,0,0,0,0,0,0,0,0,0,0,0,1,0,1,0,0,0,1,0,0
2022/12/24,553,1,poise,20281,1911,2,11,34,32,15,6,1,0.305280528,0,0,0,0,1,0,0,0,1,0,0,0,0,0,1,1,0,0,1,0,0,0,0,0,0,0
2022/12/23,552,3,aorta,21937,2112,0,7,26,35,20,10,3,0.26320132,2,0,0,0,0,0,0,0,0,0,0,0,0,0,1,0,0,1,0,1,0,0,0,0,0,0
2022/12/22,551,2,excel,20490,2034,0,1,13,34,34,15,2,0.228619529,0,0,1,0,2,0,0,0,0,0,0,1,0,0,0,0,0,0,0,0,0,0,0,1,0,0
2022/12/21,550,2,lunar,22180,2036,0,5,32,40,17,4,0,0.277891156,1,0,0,0,0,0,0,0,0,0,0,1,0,1,0,0,0,1,0,0,1,0,0,0,0,0
2022/12/20,549,1,third,24137,2261,1,10,47,32,9,2,0,0.314851485,0,0,0,1,0,0,0,1,1,0,0,0,0,0,0,0,0,1,0,1,0,0,0,0,0,0
2022/12/19,548,1,slate,26010,2422,6,14,33,27,13,5,1,0.345286195,1,0,0,0,1,0,0,0,0,0,0,1,0,0,0,0,0,0,1,1,0,0,0,0,0,0
2022/12/18,547,2,taper,22166,2108,0,8,28,30,20,11,3,0.266666667,1,0,0,0,1,0,0,0,0,0,0,0,0,0,0,1,0,1,0,1,0,0,0,0,0,0
2022/12/17,546,1,chord,22336,2088,0,7,39,38,13,3,0,0.291,0,0,1,1,0,0,0,1,0,0,0,0,0,0,1,0,0,1,0,0,0,0,0,0,0,0
2022/12/16,545,1,probe,22853,2160,0,6,24,32,24,11,3,0.256333333,0,1,0,0,1,0,0,0,0,0,0,0,0,0,1,1,0,1,0,0,0,0,0,0,0,0
2022/12/15,544,2,rival,22176,2127,0,7,27,35,22,8,1,0.269833333,1,0,0,0,0,0,0,0,1,0,0,1,0,0,0,0,0,1,0,0,0,1,0,0,0,0
2022/12/14,543,3,usual,20824,2048,0,3,20,39,27,10,1,0.249833333,1,0,0,0,0,0,0,0,0,0,0,1,0,0,0,0,0,0,1,0,2,0,0,0,0,0
2022/12/13,542,1,spoke,24101,2224,0,6,31,38,19,5,0,0.277441077,0,0,0,0,1,0,0,0,0,0,1,0,0,0,1,1,0,0,1,0,0,0,0,0,0,0
2022/12/12,541,2,apply,22873,2150,0,5,28,38,22,7,1,0.266336634,1,0,0,0,0,0,0,0,0,0,0,1,0,0,0,2,0,0,0,0,0,0,0,0,1,0
2022/12/11,540,2,naïve,21947,2075,1,7,24,32,24,11,1,0.271333333,1,0,0,0,1,0,0,0,0,0,0,0,0,1,0,0,0,0,0,0,0,1,0,0,0,0
2022/12/10,539,1,knock,21157,2041,0,3,18,43,27,8,1,0.249833333,0,0,1,0,0,0,0,0,0,0,2,0,0,1,1,0,0,0,0,0,0,0,0,0,0,0
2022/12/9,538,1,braid,23640,2165,0,10,36,35,14,3,0,0.296428571,1,1,0,1,0,0,0,0,1,0,0,0,0,0,0,0,0,1,0,0,0,0,0,0,0,0
2022/12/8,537,2,infer,21199,1863,0,3,19,33,26,14,3,0.240986395,0,0,0,0,1,1,0,0,1,0,0,0,0,1,0,0,0,1,0,0,0,0,0,0,0,0
2022/12/7,536,1,joust,24899,2388,0,6,29,34,21,8,2,0.267,0,0,0,0,0,0,0,0,0,1,0,0,0,0,1,0,0,0,1,1,1,0,0,0,0,0
2022/12/6,535,2,amber,23509,2261,0,6,22,33,24,12,3,0.253833333,1,1,0,0,1,0,0,0,0,0,0,0,1,0,0,0,0,1,0,0,0,0,0,0,0,0
2022/12/5,534,2,woken,23153,2200,0,2,10,25,36,23,4,0.216166667,0,0,0,0,1,0,0,0,0,0,1,0,0,1,1,0,0,0,0,0,0,0,1,0,0,0
2022/12/4,533,2,adore,25577,2398,2,17,32,29,15,5,1,0.319306931,1,0,0,1,1,0,0,0,0,0,0,0,0,0,1,0,0,1,0,0,0,0,0,0,0,0
2022/12/3,532,2,torso,23873,2260,0,4,35,36,17,6,1,0.273400673,0,0,0,0,0,0,0,0,0,0,0,0,0,0,2,0,0,1,1,1,0,0,0,0,0,0
2022/12/2,531,1,chafe,24646,2343,0,6,30,33,19,9,2,0.268181818,1,0,1,0,1,1,0,1,0,0,0,0,0,0,0,0,0,0,0,0,0,0,0,0,0,0
2022/12/1,530,2,eject,22628,2200,0,2,11,35,36,14,2,0.2295,0,0,1,0,2,0,0,0,0,1,0,0,0,0,0,0,0,0,0,1,0,0,0,0,0,0
2022/11/30,529,2,study,2569,2405,0,6,30,33,19,10,2,0.267166667,0,0,0,1,0,0,0,0,0,0,0,0,0,0,0,0,0,0,1,1,1,0,0,0,1,0
2022/11/29,528,2,undue,23739,2316,0,3,19,35,29,13,2,0.243069307,0,0,0,1,1,0,0,0,0,0,0,0,0,1,0,0,0,0,0,0,2,0,0,0,0,0
2022/11/28,527,2,tepid,26051,2484,0,10,38,35,13,3,0,0.298148148,0,0,0,1,1,0,0,0,1,0,0,0,0,0,0,1,0,0,0,1,0,0,0,0,0,0
2022/11/27,526,2,happy,25206,2356,0,6,28,39,19,6,1,0.271548822,1,0,0,0,0,0,0,1,0,0,0,0,0,0,0,2,0,0,0,0,0,0,0,0,1,0
2022/11/26,525,1,clean,26381,2424,1,17,36,31,12,3,0,0.3215,1,0,1,0,1,0,0,0,0,0,0,1,0,1,0,0,0,0,0,0,0,0,0,0,0,0
2022/11/25,524,2,itchy,24197,2329,0,8,28,40,18,5,1,0.277666667,0,0,1,0,0,0,0,1,1,0,0,0,0,0,0,0,0,0,0,1,0,0,0,0,1,0
2022/11/24,523,1,feast,27705,2725,5,13,25,27,19,10,2,0.317326733,1,0,0,0,1,1,0,0,0,0,0,0,0,0,0,0,0,0,1,1,0,0,0,0,0,0
2022/11/23,522,1,drive,26663,2451,1,12,32,30,18,6,1,0.297666667,0,0,0,1,1,0,0,0,1,0,0,0,0,0,0,0,0,1,0,0,0,1,0,0,0,0
2022/11/22,521,1,prime,27437,2534,1,10,26,32,21,9,1,0.283666667,0,0,0,0,1,0,0,0,1,0,0,0,1,0,0,1,0,1,0,0,0,0,0,0,0,0
2022/11/21,520,3,axiom,24288,2382,0,5,19,33,27,13,3,0.2465,1,0,0,0,0,0,0,0,1,0,0,0,1,0,1,0,0,0,0,0,0,0,0,1,0,0
2022/11/20,519,1,brave,24991,2396,1,6,17,27,27,18,5,0.245709571,1,1,0,0,1,0,0,0,0,0,0,0,0,0,0,0,0,1,0,0,0,1,0,0,0,0
2022/11/19,518,2,avert,24749,2400,0,7,26,35,22,9,1,0.268166667,1,0,0,0,1,0,0,0,0,0,0,0,0,0,0,0,0,1,0,1,0,1,0,0,0,0
2022/11/18,517,1,glyph,29208,2899,0,2,23,49,20,5,1,0.2575,0,0,0,0,0,0,1,1,0,0,0,1,0,0,0,1,0,0,0,0,0,0,0,0,1,0
2022/11/17,516,1,there,27465,2530,0,14,35,33,14,4,0,0.303833333,0,0,0,0,2,0,0,1,0,0,0,0,0,0,0,0,0,1,0,1,0,0,0,0,0,0
2022/11/16,515,2,baker,25576,2541,0,5,16,23,24,22,10,0.2205,1,1,0,0,1,0,0,0,0,0,1,0,0,0,0,0,0,1,0,0,0,0,0,0,0,0
2022/11/15,514,1,snarl,27475,2650,0,5,21,31,24,15,4,0.2455,1,0,0,0,0,0,0,0,0,0,0,1,0,1,0,0,0,1,1,0,0,0,0,0,0,0
2022/11/14,513,2,maple,26536,2467,1,6,26,36,21,8,1,0.274747475,1,0,0,0,1,0,0,0,0,0,0,1,1,0,0,1,0,0,0,0,0,0,0,0,0,0
2022/11/13,512,2,inane,25085,2515,0,8,25,30,21,13,3,0.262,1,0,0,0,1,0,0,0,1,0,0,0,0,2,0,0,0,0,0,0,0,0,0,0,0,0
2022/11/12,511,2,valet,24660,2356,0,4,22,38,25,9,1,0.255892256,1,0,0,0,1,0,0,0,0,0,0,1,0,0,0,0,0,0,0,1,0,1,0,0,0,0
2022/11/11,510,2,medal,25993,2438,0,5,25,38,23,8,1,0.262666667,1,0,0,1,1,0,0,0,0,0,0,1,1,0,0,0,0,0,0,0,0,0,0,0,0,0
2022/11/10,509,2,unite,27467,2575,1,11,31,33,18,5,1,0.295166667,0,0,0,0,1,0,0,0,1,0,0,0,0,1,0,0,0,0,0,1,1,0,0,0,0,0
2022/11/9,508,2,rainy,28984,2678,1,16,38,31,11,3,1,0.317986799,1,0,0,0,0,0,0,0,1,0,0,0,0,1,0,0,0,1,0,0,0,0,0,0,1,0
2022/11/8,507,1,spell,27213,2531,0,4,24,37,24,9,1,0.258080808,0,0,0,0,1,0,0,0,0,0,0,2,0,0,0,1,0,0,1,0,0,0,0,0,0,0
2022/11/7,506,2,begin,26096,2439,0,6,26,36,23,7,1,0.267003367,0,1,0,0,1,0,1,0,1,0,0,0,0,1,0,0,0,0,0,0,0,0,0,0,0,0
2022/11/6,505,1,stale,31068,3013,2,19,30,27,15,6,2,0.319306931,1,0,0,0,1,0,0,0,0,0,0,1,0,0,0,0,0,0,1,1,0,0,0,0,0,0
2022/11/5,504,1,dream,29743,2751,5,14,31,29,15,4,1,0.335858586,1,0,0,1,1,0,0,0,0,0,0,0,1,0,0,0,0,1,0,0,0,0,0,0,0,0
2022/11/4,503,2,photo,27330,2565,0,5,34,43,15,3,0,0.280833333,0,0,0,0,0,0,0,1,0,0,0,0,0,0,2,1,0,0,0,1,0,0,0,0,0,0
2022/11/3,502,2,aloud,29554,2819,1,18,31,30,15,4,1,0.315,1,0,0,1,0,0,0,0,0,0,0,1,0,0,1,0,0,0,0,0,1,0,0,0,0,0
2022/11/2,501,2,inept,27670,2640,0,6,30,39,20,6,1,0.272058824,0,0,0,0,1,0,0,0,1,0,0,0,0,1,0,1,0,0,0,1,0,0,0,0,0,0
2022/11/1,500,2,piney,27502,3667,0,1,14,37,33,14,2,0.231188119,0,0,0,0,1,0,0,0,1,0,0,0,0,1,0,1,0,0,0,0,0,0,0,0,1,0
2022/10/31,499,2,aptly,26498,2572,0,3,26,41,23,7,1,0.259240924,1,0,0,0,0,0,0,0,0,0,0,1,0,0,0,1,0,0,0,1,0,0,0,0,1,0
2022/10/30,498,1,waltz,24672,2496,0,2,11,29,35,19,3,0.223063973,1,0,0,0,0,0,0,0,0,0,0,1,0,0,0,0,0,0,0,1,0,0,1,0,0,1
2022/10/29,497,2,libel,25156,2536,0,3,15,32,32,16,2,0.235666667,0,1,0,0,1,0,0,0,1,0,0,2,0,0,0,0,0,0,0,0,0,0,0,0,0,0
2022/10/28,496,1,sneak,27905,2636,0,7,28,36,21,7,1,0.272,1,0,0,0,1,0,0,0,0,0,1,0,0,1,0,0,0,0,1,0,0,0,0,0,0,0
2022/10/27,495,2,carry,27609,2615,0,4,22,35,24,12,3,0.248833333,1,0,1,0,0,0,0,0,0,0,0,0,0,0,0,0,0,2,0,0,0,0,0,0,1,0
2022/10/26,494,1,flout,30063,2904,0,6,28,37,21,7,1,0.2695,0,0,0,0,0,1,0,0,0,0,0,1,0,0,1,0,0,0,0,1,1,0,0,0,0,0
2022/10/25,493,2,foggy,28953,2817,0,2,13,35,32,15,3,0.229833333,0,0,0,0,0,1,2,0,0,0,0,0,0,0,1,0,0,0,0,0,0,0,0,0,1,0
2022/10/24,492,1,fault,28947,2768,0,7,27,35,22,8,1,0.269833333,1,0,0,0,0,1,0,0,0,0,0,1,0,0,0,0,0,0,0,1,1,0,0,0,0,0
2022/10/23,491,2,mummy,29279,3021,0,1,4,14,27,37,18,0.167326733,0,0,0,0,0,0,0,0,0,0,0,0,3,0,0,0,0,0,0,0,1,0,0,0,1,0
2022/10/22,490,1,spiel,29084,2810,0,7,32,36,19,6,1,0.27689769,0,0,0,0,1,0,0,0,1,0,0,1,0,0,0,1,0,0,1,0,0,0,0,0,0,0
2022/10/21,489,1,grove,28637,2794,0,4,18,30,28,17,3,0.239333333,0,0,0,0,1,0,1,0,0,0,0,0,0,0,1,0,0,1,0,0,0,1,0,0,0,0
2022/10/20,488,2,denim,28741,2769,0,5,29,40,20,5,0,0.272727273,0,0,0,1,1,0,0,0,1,0,0,0,1,1,0,0,0,0,0,0,0,0,0,0,0,0
2022/10/19,487,1,quirk,28322,2794,0,3,23,39,24,9,2,0.252166667,0,0,0,0,0,0,0,0,1,0,1,0,0,0,0,0,1,1,0,0,1,0,0,0,0,0
2022/10/18,486,2,exist,28612,2805,0,5,24,38,23,8,1,0.261952862,0,0,0,0,1,0,0,0,1,0,0,0,0,0,0,0,0,0,1,1,0,0,0,1,0,0
2022/10/17,485,1,stein,31269,2965,1,12,34,32,16,5,1,0.300660066,0,0,0,0,1,0,0,0,1,0,0,0,0,1,0,0,0,0,1,1,0,0,0,0,0,0
2022/10/16,484,1,spade,30459,2854,1,8,29,36,19,6,1,0.284666667,1,0,0,1,1,0,0,0,0,0,0,0,0,0,0,1,0,0,1,0,0,0,0,0,0,0
2022/10/15,483,1,catch,30403,3123,0,7,18,20,15,16,23,0.203703704,1,0,2,0,0,0,0,1,0,0,0,0,0,0,0,0,0,0,0,1,0,0,0,0,0,0
2022/10/14,482,1,floor,28906,2752,0,3,23,44,24,6,0,0.259666667,0,0,0,0,0,1,0,0,0,0,0,1,0,0,2,0,0,1,0,0,0,0,0,0,0,0
2022/10/13,481,2,equal,27197,2677,0,5,23,35,25,11,2,0.254950495,1,0,0,0,1,0,0,0,0,0,0,1,0,0,0,0,1,0,0,0,1,0,0,0,0,0
2022/10/12,480,3,ionic,29151,2947,0,2,13,25,28,21,11,0.206833333,0,0,1,0,0,0,0,0,2,0,0,0,0,1,1,0,0,0,0,0,0,0,0,0,0,0
2022/10/11,479,2,valid,28575,2752,0,4,28,38,21,8,1,0.263666667,1,0,0,1,0,0,0,0,1,0,0,1,0,0,0,0,0,0,0,0,0,1,0,0,0,0
2022/10/10,478,2,enjoy,26878,2654,0,3,12,29,33,20,3,0.226833333,0,0,0,0,1,0,0,0,0,1,0,0,0,1,1,0,0,0,0,0,0,0,0,0,1,0
2022/10/9,477,2,howdy,28408,2668,0,2,13,32,32,17,4,0.225666667,0,0,0,1,0,0,0,1,0,0,0,0,0,0,1,0,0,0,0,0,0,0,1,0,1,0
2022/10/8,476,2,vigor,26905,2642,0,2,15,35,31,14,2,0.235185185,0,0,0,0,0,0,1,0,1,0,0,0,0,0,1,0,0,1,0,0,0,1,0,0,0,0
2022/10/7,475,2,dandy,29026,2840,0,2,11,23,29,24,11,0.202166667,1,0,0,2,0,0,0,0,0,0,0,0,0,1,0,0,0,0,0,0,0,0,0,0,1,0
2022/10/6,474,1,sloth,32522,2987,1,10,38,34,13,3,0,0.305723906,0,0,0,0,0,0,0,1,0,0,0,1,0,0,1,0,0,0,1,1,0,0,0,0,0,0
2022/10/5,473,1,marxh,30935,2885,0,9,30,35,19,6,1,0.2805,1,0,0,0,0,0,0,1,0,0,0,0,1,0,0,0,0,1,0,0,0,0,0,1,0,0
2022/10/4,472,1,bough,32014,3060,0,3,17,35,28,13,3,0.239225589,0,1,0,0,0,0,1,1,0,0,0,0,0,0,1,0,0,0,0,0,1,0,0,0,0,0
2022/10/3,471,1,sting,32288,2969,1,10,30,33,18,8,2,0.286111111,0,0,0,0,0,0,1,0,1,0,0,0,0,1,0,0,0,0,1,1,0,0,0,0,0,0
2022/10/2,470,1,twine,30088,2775,0,6,28,40,20,5,1,0.271666667,0,0,0,0,1,0,0,0,1,0,0,0,0,1,0,0,0,0,0,1,0,0,1,0,0,0
2022/10/1,469,1,leave,28202,2696,0,4,16,34,31,12,1,0.245238095,1,0,0,0,2,0,0,0,0,0,0,1,0,0,0,0,0,0,0,0,0,1,0,0,0,0
2022/9/30,468,1,scorn,31223,2859,0,8,31,35,20,6,1,0.278052805,0,0,1,0,0,0,0,0,0,0,0,0,0,1,1,0,0,1,1,0,0,0,0,0,0,0
2022/9/29,467,1,scald,30477,2829,0,4,23,36,24,11,2,0.253,1,0,1,1,0,0,0,0,0,0,0,1,0,0,0,0,0,0,1,0,0,0,0,0,0,0
2022/9/28,466,2,usurp,31355,3007,0,3,21,38,26,9,1,0.252040816,0,0,0,0,0,0,0,0,0,0,0,0,0,0,0,1,0,1,1,0,2,0,0,0,0,0
2022/9/27,465,2,soggy,30985,2888,0,2,18,38,28,11,2,0.241750842,0,0,0,0,0,0,2,0,0,0,0,0,0,0,1,0,0,0,1,0,0,0,0,0,1,0
2022/9/26,464,1,brisk,31706,2884,0,5,23,38,24,7,1,0.261564626,0,1,0,0,0,0,0,0,1,0,1,0,0,0,0,0,0,1,1,0,0,0,0,0,0,0
2022/9/25,463,2,admit,28994,2677,0,10,25,34,22,8,1,0.275666667,1,0,0,1,0,0,0,0,1,0,0,0,1,0,0,0,0,0,0,1,0,0,0,0,0,0
2022/9/24,462,1,grate,32777,3077,1,14,29,28,16,8,3,0.294949495,1,0,0,0,1,0,1,0,0,0,0,0,0,0,0,0,0,1,0,1,0,0,0,0,0,0
2022/9/23,461,2,glory,31509,2893,0,6,30,39,19,5,0,0.276599327,0,0,0,0,0,0,1,0,0,0,0,1,0,0,1,0,0,1,0,0,0,0,0,0,1,0
2022/9/22,460,1,saint,34455,3119,1,14,35,29,15,5,1,0.3075,1,0,0,0,0,0,0,0,1,0,0,0,0,1,0,0,0,0,1,1,0,0,0,0,0,0
2022/9/21,459,2,recap,31976,2900,0,5,30,35,21,8,1,0.267833333,1,0,1,0,1,0,0,0,0,0,0,0,0,0,0,1,0,1,0,0,0,0,0,0,0,0
2022/9/20,458,2,alike,31277,2843,0,6,20,33,27,12,2,0.253166667,1,0,0,0,1,0,0,0,1,0,1,1,0,0,0,0,0,0,0,0,0,0,0,0,0,0
2022/9/19,457,1,trice,35050,3430,0,5,24,25,18,17,11,0.231833333,0,0,1,0,1,0,0,0,1,0,0,0,0,0,0,0,0,1,0,1,0,0,0,0,0,0
2022/9/18,456,1,stick,33102,3038,1,9,36,35,14,4,0,0.30016835,0,0,1,0,0,0,0,0,1,0,1,0,0,0,0,0,0,0,1,1,0,0,0,0,0,0
2022/9/17,455,1,chute,33418,3073,0,11,37,36,12,3,0,0.3003367,0,0,1,0,1,0,0,1,0,0,0,0,0,0,0,0,0,0,0,1,1,0,0,0,0,0
2022/9/16,454,2,parer,37309,4130,0,0,4,11,15,22,48,0.1075,1,0,0,0,1,0,0,0,0,0,0,0,0,0,0,1,0,2,0,0,0,0,0,0,0,0
2022/9/15,453,1,doubt,33344,3011,1,12,32,34,16,4,0,0.303367003,0,1,0,1,0,0,0,0,0,0,0,0,0,0,1,0,0,0,0,1,1,0,0,0,0,0
2022/9/14,452,1,thyme,32142,2938,1,5,24,41,23,5,0,0.274579125,0,0,0,0,1,0,0,1,0,0,0,0,1,0,0,0,0,0,0,1,0,0,0,0,1,0
2022/9/13,451,2,alpha,29497,2706,0,3,19,40,28,9,1,0.249333333,2,0,0,0,0,0,0,1,0,0,0,1,0,0,0,1,0,0,0,0,0,0,0,0,0,0
2022/9/12,450,1,booze,29147,2883,0,1,7,27,38,23,4,0.210166667,0,1,0,0,1,0,0,0,0,0,0,0,0,0,2,0,0,0,0,0,0,0,0,0,0,1
2022/9/11,449,3,tibia,27887,2675,0,1,14,40,30,12,2,0.234006734,1,1,0,0,0,0,0,0,2,0,0,0,0,0,0,0,0,0,0,1,0,0,0,0,0,0
2022/9/10,448,2,lofty,29237,2777,0,4,19,34,27,13,3,0.244,0,0,0,0,0,1,0,0,0,0,0,1,0,0,1,0,0,0,0,1,0,0,0,0,1,0
2022/9/9,447,1,theme,32172,2909,0,8,29,40,18,4,0,0.282154882,0,0,0,0,2,0,0,1,0,0,0,0,1,0,0,0,0,0,0,1,0,0,0,0,0,0
2022/9/8,446,1,class,31962,3001,0,4,21,32,22,13,7,0.238047138,1,0,1,0,0,0,0,0,0,0,0,1,0,0,0,0,0,0,2,0,0,0,0,0,0,0
2022/9/7,445,2,leery,30992,2873,0,3,17,37,28,12,2,0.242592593,0,0,0,0,2,0,0,0,0,0,0,1,0,0,0,0,0,1,0,0,0,0,0,0,1,0
2022/9/6,444,1,taunt,32734,3022,0,4,19,27,21,16,13,0.2195,1,0,0,0,0,0,0,0,0,0,0,0,0,1,0,0,0,0,0,2,1,0,0,0,0,0
2022/9/5,443,1,whoop,32733,2970,0,1,16,47,29,7,1,0.243069307,0,0,0,0,0,0,0,1,0,0,0,0,0,0,2,1,0,0,0,0,0,0,1,0,0,0
2022/9/4,442,2,inter,32018,2889,0,6,25,36,23,8,1,0.265319865,0,0,0,0,1,0,0,0,1,0,0,0,0,1,0,0,0,1,0,1,0,0,0,0,0,0
2022/9/3,441,2,gully,31191,2877,0,1,9,27,31,25,7,0.206166667,0,0,0,0,0,0,1,0,0,0,0,2,0,0,0,0,0,0,0,0,1,0,0,0,1,0
2022/9/2,440,1,charm,35724,3149,1,12,32,34,16,5,1,0.299009901,1,0,1,0,0,0,0,1,0,0,0,0,1,0,0,0,0,1,0,0,0,0,0,0,0,0
2022/9/1,439,2,fungi,31903,2928,0,2,18,41,28,9,1,0.245959596,0,0,0,0,0,1,1,0,1,0,0,0,0,1,0,0,0,0,0,0,1,0,0,0,0,0
2022/8/31,438,1,prize,35343,3166,0,5,12,20,32,26,5,0.222333333,0,0,0,0,1,0,0,0,1,0,0,0,0,0,0,1,0,1,0,0,0,0,0,0,0,1
2022/8/30,437,2,onset,33660,3009,0,4,29,40,21,6,1,0.266006601,0,0,0,0,1,0,0,0,0,0,0,0,0,1,1,0,0,0,1,1,0,0,0,0,0,0
2022/8/29,436,1,chief,34281,3072,1,6,32,38,18,5,0,0.286,0,0,1,0,1,1,0,1,1,0,0,0,0,0,0,0,0,0,0,0,0,0,0,0,0,0
2022/8/28,435,1,gauze,30214,2866,0,2,11,24,31,25,8,0.208250825,1,0,0,0,1,0,1,0,0,0,0,0,0,0,0,0,0,0,0,0,1,0,0,0,0,1
2022/8/27,434,2,ruder,31241,2784,0,2,16,33,29,16,4,0.2305,0,0,0,1,1,0,0,0,0,0,0,0,0,0,0,0,0,2,0,0,1,0,0,0,0,0
2022/8/26,433,3,irony,34716,3046,0,6,29,34,21,8,1,0.26969697,0,0,0,0,0,0,0,0,1,0,0,0,0,1,1,0,0,1,0,0,0,0,0,0,1,0
2022/8/25,432,1,clown,36737,3175,1,8,29,36,20,6,1,0.283828383,0,0,1,0,0,0,0,0,0,0,0,1,0,1,1,0,0,0,0,0,0,0,1,0,0,0
2022/8/24,431,2,needy,33700,2927,0,2,21,41,26,9,1,0.2495,0,0,0,1,2,0,0,0,0,0,0,0,0,1,0,0,0,0,0,0,0,0,0,0,1,0
2022/8/23,430,2,woven,33549,2933,0,2,13,32,32,17,3,0.227946128,0,0,0,0,1,0,0,0,0,0,0,0,0,1,1,0,0,0,0,0,0,1,1,0,0,0
2022/8/22,429,2,merit,35888,3123,0,7,33,37,17,5,0,0.282659933,0,0,0,0,1,0,0,0,1,0,0,0,1,0,0,0,0,1,0,1,0,0,0,0,0,0
2022/8/21,428,1,waste,35617,3186,1,7,19,27,24,17,5,0.252166667,1,0,0,0,1,0,0,0,0,0,0,0,0,0,0,0,0,0,1,1,0,0,1,0,0,0
2022/8/20,427,1,treat,38245,3249,1,22,32,26,14,5,1,0.324752475,1,0,0,0,1,0,0,0,0,0,0,0,0,0,0,0,0,1,0,2,0,0,0,0,0,0
2022/8/19,426,1,shrug,33965,2987,0,4,23,36,26,10,1,0.255333333,0,0,0,0,0,0,1,1,0,0,0,0,0,0,0,0,0,1,1,0,1,0,0,0,0,0
2022/8/18,425,1,twang,34938,3172,0,3,22,43,25,7,1,0.254950495,1,0,0,0,0,0,1,0,0,0,0,0,0,1,0,0,0,0,0,1,0,0,1,0,0,0
2022/8/17,424,1,twice,35815,3173,1,6,28,38,21,6,1,0.277557756,0,0,1,0,1,0,0,0,1,0,0,0,0,0,0,0,0,0,0,1,0,0,1,0,0,0
2022/8/16,423,2,gruel,35105,3087,0,3,19,39,29,9,1,0.248833333,0,0,0,0,1,0,1,0,0,0,0,1,0,0,0,0,0,1,0,0,1,0,0,0,0,0
2022/8/15,422,2,poker,35376,3180,0,4,17,30,27,17,5,0.234,0,0,0,0,1,0,0,0,0,0,1,0,0,0,1,1,0,1,0,0,0,0,0,0,0,0
2022/8/14,421,2,khaki,31652,2968,0,2,17,33,28,16,4,0.231833333,1,0,0,0,0,0,0,1,1,0,2,0,0,0,0,0,0,0,0,0,0,0,0,0,0,0
2022/8/13,420,2,hunky,35276,3185,0,1,11,33,25,22,7,0.212962963,0,0,0,0,0,0,0,1,0,0,1,0,0,1,0,0,0,0,0,0,1,0,0,0,1,0
2022/8/12,419,2,label,34198,3076,0,4,18,32,29,15,2,0.243,1,1,0,0,1,0,0,0,0,0,0,2,0,0,0,0,0,0,0,0,0,0,0,0,0,0
2022/8/11,418,1,glean,37301,3243,0,6,23,37,24,8,1,0.263131313,1,0,0,0,1,0,1,0,0,0,0,1,0,1,0,0,0,0,0,0,0,0,0,0,0,0
2022/8/10,417,1,cling,37654,3312,0,4,20,34,27,13,2,0.247333333,0,0,1,0,0,0,1,0,1,0,0,1,0,1,0,0,0,0,0,0,0,0,0,0,0,0
2022/8/9,416,2,patty,36223,3019,0,2,16,39,29,12,1,0.241245791,1,0,0,0,0,0,0,0,0,0,0,0,0,0,0,1,0,0,0,2,0,0,0,0,1,0
2022/8/8,415,2,unfit,35516,3187,0,3,24,38,25,9,1,0.255,0,0,0,0,0,1,0,0,1,0,0,0,0,1,0,0,0,0,0,1,1,0,0,0,0,0
2022/8/7,414,1,smear,36223,3190,0,2,16,39,29,12,2,0.238833333,1,0,0,0,1,0,0,0,0,0,0,0,1,0,0,0,0,1,1,0,0,0,0,0,0,0
2022/8/6,413,3,alien,38841,3395,3,17,31,29,15,4,0,0.330808081,1,0,0,0,1,0,0,0,1,0,0,1,0,1,0,0,0,0,0,0,0,0,0,0,0,0
2022/8/5,412,2,buggy,37350,3428,0,1,9,29,34,22,5,0.212166667,0,1,0,0,0,0,2,0,0,0,0,0,0,0,0,0,0,0,0,0,1,0,0,0,1,0
2022/8/4,411,1,rhyme,37229,3336,0,4,22,39,25,8,1,0.256734007,0,0,0,0,1,0,0,1,0,0,0,0,1,0,0,0,0,1,0,0,0,0,0,0,1,0
2022/8/3,410,1,youth,38381,3327,1,5,17,31,29,15,3,0.249669967,0,0,0,0,0,0,0,1,0,0,0,0,0,0,1,0,0,0,0,1,1,0,0,0,1,0
2022/8/2,409,2,coyly,34909,3380,0,0,4,17,28,35,15,0.171885522,0,0,1,0,0,0,0,0,0,0,0,1,0,0,1,0,0,0,0,0,0,0,0,0,2,0
2022/8/1,408,1,quart,36662,3303,0,5,20,33,27,13,2,0.249833333,1,0,0,0,0,0,0,0,0,0,0,0,0,0,0,0,1,1,0,1,1,0,0,0,0,0
2022/7/31,407,1,cramp,39250,3369,1,8,26,33,19,10,2,0.276599327,1,0,1,0,0,0,0,0,0,0,0,0,1,0,0,1,0,1,0,0,0,0,0,0,0,0
2022/7/30,406,1,bluff,37353,3171,0,2,14,42,31,10,1,0.240333333,0,1,0,0,0,2,0,0,0,0,0,1,0,0,0,0,0,0,0,0,1,0,0,0,0,0
2022/7/29,405,2,upset,37791,3213,0,5,30,38,20,6,1,0.27,0,0,0,0,1,0,0,0,0,0,0,0,0,0,0,1,0,0,1,1,1,0,0,0,0,0
2022/7/28,404,1,stomp,40650,3490,0,7,26,32,21,11,2,0.264646465,0,0,0,0,0,0,0,0,0,0,0,0,1,0,1,1,0,0,1,1,0,0,0,0,0,0
2022/7/27,403,2,motto,38384,3285,0,1,11,36,36,14,1,0.229292929,0,0,0,0,0,0,0,0,0,0,0,0,1,0,2,0,0,0,0,2,0,0,0,0,0,0
2022/7/26,402,1,cinch,39171,3507,0,2,15,24,22,25,13,0.203630363,0,0,2,0,0,0,0,1,1,0,0,0,0,1,0,0,0,0,0,0,0,0,0,0,0,0
2022/7/25,401,2,elope,39228,3339,0,4,22,32,26,13,2,0.249494949,0,0,0,0,2,0,0,0,0,0,0,1,0,0,1,1,0,0,0,0,0,0,0,0,0,0
2022/7/24,400,2,power,39813,3401,2,6,19,29,24,15,4,0.261447811,0,0,0,0,1,0,0,0,0,0,0,0,0,0,1,1,0,1,0,0,0,0,1,0,0,0
2022/7/23,399,1,midge,36769,3111,0,2,18,39,28,10,2,0.242592593,0,0,0,1,1,0,1,0,1,0,0,0,1,0,0,0,0,0,0,0,0,0,0,0,0,0
2022/7/22,398,1,tryst,43099,3665,0,3,26,41,23,6,1,0.260166667,0,0,0,0,0,0,0,0,0,0,0,0,0,0,0,0,0,1,1,2,0,0,0,0,1,0
2022/7/21,397,2,aphid,39086,3367,0,6,24,36,23,9,2,0.261,1,0,0,1,0,0,0,1,1,0,0,0,0,0,0,1,0,0,0,0,0,0,0,0,0,0
2022/7/20,396,1,trite,42237,3685,0,4,14,22,22,23,15,0.204,0,0,0,0,1,0,0,0,1,0,0,0,0,0,0,0,0,1,0,2,0,0,0,0,0,0
2022/7/19,395,2,angry,39667,3358,0,5,27,38,21,7,1,0.266329966,1,0,0,0,0,0,1,0,0,0,0,0,0,1,0,0,0,1,0,0,0,0,0,0,1,0
2022/7/18,394,1,flock,42574,3548,0,4,22,37,27,9,1,0.254833333,0,0,1,0,0,1,0,0,0,0,1,1,0,0,1,0,0,0,0,0,0,0,0,0,0,0
2022/7/17,393,2,wacky,39611,3345,0,3,18,39,27,10,2,0.245622896,1,0,1,0,0,0,0,0,0,0,1,0,0,0,0,0,0,0,0,0,0,0,1,0,1,0
2022/7/16,392,2,roomy,38769,3280,0,2,17,41,28,10,2,0.241833333,0,0,0,0,0,0,0,0,0,0,0,0,1,0,2,0,0,1,0,0,0,0,0,0,1,0
2022/7/15,391,1,wedge,39234,3353,0,2,11,32,37,17,2,0.226732673,0,0,0,1,2,0,1,0,0,0,0,0,0,0,0,0,0,0,0,0,0,0,1,0,0,0
2022/7/14,390,2,liver,40549,3388,0,4,16,26,25,20,8,0.223905724,0,0,0,0,1,0,0,0,1,0,0,1,0,0,0,0,0,1,0,0,0,1,0,0,0,0
2022/7/13,389,1,bland,46246,3727,0,7,31,38,18,4,0,0.281632653,1,1,0,1,0,0,0,0,0,0,0,1,0,1,0,0,0,0,0,0,0,0,0,0,0,0
2022/7/12,388,1,night,46910,3870,1,8,27,27,17,13,7,0.263166667,0,0,0,0,0,0,1,1,1,0,0,0,0,1,0,0,0,0,0,1,0,0,0,0,0,0
2022/7/11,387,2,madam,40545,3430,0,3,13,35,34,14,2,0.234818482,2,0,0,1,0,0,0,0,0,0,0,0,2,0,0,0,0,0,0,0,0,0,0,0,0,0
2022/7/10,386,1,berth,41785,3494,0,7,24,35,24,9,1,0.2655,0,1,0,0,1,0,0,1,0,0,0,0,0,0,0,0,0,1,0,1,0,0,0,0,0,0
2022/7/9,385,1,stead,47094,3933,1,6,20,27,28,16,3,0.254290429,1,0,0,1,1,0,0,0,0,0,0,0,0,0,0,0,0,0,1,1,0,0,0,0,0,0
2022/7/8,384,1,voice,42806,3484,1,5,24,35,25,9,1,0.2675,0,0,1,0,1,0,0,0,1,0,0,0,0,0,1,0,0,0,0,0,0,1,0,0,0,0
2022/7/7,383,2,agape,43407,3671,0,2,18,36,27,15,3,0.236633663,2,0,0,0,1,0,1,0,0,0,0,0,0,0,0,1,0,0,0,0,0,0,0,0,0,0
2022/7/6,382,1,fluff,47344,4049,0,0,4,25,44,23,4,0.202166667,0,0,0,0,0,3,0,0,0,0,0,1,0,0,0,0,0,0,0,0,1,0,0,0,0,0
2022/7/5,381,1,field,44578,3604,1,6,25,36,23,9,1,0.271617162,0,0,0,1,1,1,0,0,1,0,0,1,0,0,0,0,0,0,0,0,0,0,0,0,0,0
2022/7/4,380,2,sever,42645,3591,0,2,13,27,29,21,7,0.215993266,0,0,0,0,2,0,0,0,0,0,0,0,0,0,0,0,0,1,1,0,0,1,0,0,0,0
2022/7/3,379,2,lilac,40486,3461,0,2,17,38,29,12,1,0.242087542,1,0,1,0,0,0,0,0,1,0,0,2,0,0,0,0,0,0,0,0,0,0,0,0,0,0
2022/7/2,378,2,egret,41765,3515,0,3,14,33,33,15,2,0.235166667,0,0,0,0,2,0,1,0,0,0,0,0,0,0,0,0,0,1,0,1,0,0,0,0,0,0
2022/7/1,377,2,pinto,47248,3792,0,5,25,41,22,6,1,0.264833333,0,0,0,0,0,0,0,0,1,0,0,0,0,1,1,1,0,0,0,1,0,0,0,0,0,0
2022/6/30,376,1,hutch,44212,3758,0,1,12,28,28,21,9,0.208080808,0,0,1,0,0,0,0,2,0,0,0,0,0,0,0,0,0,0,0,1,1,0,0,0,0,0
2022/6/29,375,2,gawky,45645,3957,0,1,5,22,33,28,10,0.191245791,1,0,0,0,0,0,1,0,0,0,1,0,0,0,0,0,0,0,0,0,0,0,1,0,1,0
2022/6/28,374,1,droll,47312,3844,0,2,16,31,31,17,3,0.231166667,0,0,0,1,0,0,0,0,0,0,0,2,0,0,1,0,0,1,0,0,0,0,0,0,0,0
2022/6/27,373,2,retro,47986,3848,0,6,24,35,24,9,1,0.263131313,0,0,0,0,1,0,0,0,0,0,0,0,0,0,1,0,0,2,0,1,0,0,0,0,0,0
2022/6/26,372,2,rusty,50450,3954,0,9,37,34,13,5,1,0.290572391,0,0,0,0,0,0,0,0,0,0,0,0,0,0,0,0,0,1,1,1,1,0,0,0,1,0
2022/6/25,371,2,beady,46089,3670,0,3,19,39,29,10,1,0.248019802,1,1,0,1,1,0,0,0,0,0,0,0,0,0,0,0,0,0,0,0,0,0,0,0,1,0
2022/6/24,370,2,smite,50617,3991,0,6,23,35,24,11,2,0.257920792,0,0,0,0,1,0,0,0,1,0,0,0,1,0,0,0,0,0,1,1,0,0,0,0,0,0
2022/6/23,369,1,brink,53111,4118,0,4,22,41,24,7,1,0.258080808,0,1,0,0,0,0,0,0,1,0,1,0,0,1,0,0,0,1,0,0,0,0,0,0,0,0
2022/6/22,368,2,awful,47645,3861,0,5,21,33,27,12,2,0.2515,1,0,0,0,0,1,0,0,0,0,0,1,0,0,0,0,0,0,0,0,1,0,1,0,0,0
2022/6/21,367,1,gloat,53342,4194,0,8,21,31,26,12,2,0.2595,1,0,0,0,0,0,1,0,0,0,0,1,0,0,1,0,0,0,0,1,0,0,0,0,0,0
2022/6/20,366,2,input,50484,3950,0,5,30,38,21,6,1,0.269306931,0,0,0,0,0,0,0,0,1,0,0,0,0,1,0,1,0,0,0,1,1,0,0,0,0,0
2022/6/19,365,2,loser,55359,4399,1,10,28,32,19,8,2,0.284666667,0,0,0,0,1,0,0,0,0,0,0,1,0,0,1,0,0,1,1,0,0,0,0,0,0,0
2022/6/18,364,3,cacao,47205,4101,0,1,9,27,36,23,4,0.212833333,2,0,2,0,0,0,0,0,0,0,0,0,0,0,1,0,0,0,0,0,0,0,0,0,0,0
2022/6/17,363,1,blown,54665,4251,0,6,23,35,26,10,1,0.260231023,0,1,0,0,0,0,0,0,0,0,0,1,0,1,1,0,0,0,0,0,0,0,1,0,0,0
2022/6/16,362,2,apron,53430,4112,0,7,30,38,19,5,1,0.276333333,1,0,0,0,0,0,0,0,0,0,0,0,0,1,1,1,0,1,0,0,0,0,0,0,0,0
2022/6/15,361,2,primo,55989,4391,0,3,22,38,25,10,2,0.25,0,0,0,0,0,0,0,0,1,0,0,0,1,0,1,1,0,1,0,0,0,0,0,0,0,0
2022/6/14,360,2,atone,59968,4762,2,16,34,29,14,4,1,0.3205,1,0,0,0,1,0,0,0,0,0,0,0,0,1,1,0,0,0,0,1,0,0,0,0,0,0
2022/6/13,359,2,donor,53802,4142,0,3,27,38,23,7,1,0.26026936,0,0,0,1,0,0,0,0,0,0,0,0,0,1,2,0,0,1,0,0,0,0,0,0,0,0
2022/6/12,358,1,float,56684,4323,1,12,30,32,18,6,1,0.296,1,0,0,0,0,1,0,0,0,0,0,1,0,0,1,0,0,0,0,1,0,0,0,0,0,0
2022/6/11,357,1,goose,51958,4087,0,2,12,28,32,21,5,0.219,0,0,0,0,1,0,1,0,0,0,0,0,0,0,2,0,0,0,1,0,0,0,0,0,0,0
2022/6/10,356,3,piety,55376,4324,0,4,25,41,22,7,1,0.2615,0,0,0,0,1,0,0,0,1,0,0,0,0,0,0,1,0,0,0,1,0,0,0,0,1,0
2022/6/9,355,1,girth,60020,4665,0,6,23,33,23,12,3,0.255166667,0,0,0,0,0,0,1,1,1,0,0,0,0,0,0,0,0,1,0,1,0,0,0,0,0,0
2022/6/8,354,1,trait,61026,4607,0,6,22,35,24,11,2,0.257166667,1,0,0,0,0,0,0,0,1,0,0,0,0,0,0,0,0,1,0,2,0,0,0,0,0,0
2022/6/7,353,1,flood,58991,4440,0,3,20,40,28,8,1,0.251,0,0,0,1,0,1,0,0,0,0,0,1,0,0,2,0,0,0,0,0,0,0,0,0,0,0
2022/6/6,352,1,gloom,58478,4548,0,2,14,35,35,13,1,0.235833333,0,0,0,0,0,0,1,0,0,0,0,1,1,0,2,0,0,0,0,0,0,0,0,0,0,0
2022/6/5,351,1,depth,56738,4329,0,6,28,39,20,6,1,0.270833333,0,0,0,1,1,0,0,1,0,0,0,0,0,0,0,1,0,0,0,1,0,0,0,0,0,0
2022/6/4,350,1,froth,58263,4432,0,5,22,35,25,11,1,0.256734007,0,0,0,0,0,1,0,1,0,0,0,0,0,0,1,0,0,1,0,1,0,0,0,0,0,0
2022/6/3,349,1,peach,65431,4957,1,13,38,32,13,3,0,0.312666667,1,0,1,0,1,0,0,1,0,0,0,0,0,0,0,1,0,0,0,0,0,0,0,0,0,0
2022/6/2,348,2,showy,61278,4770,0,2,16,37,30,13,2,0.2375,0,0,0,0,0,0,0,1,0,0,0,0,0,0,1,0,0,0,1,0,0,0,1,0,1,0
2022/6/1,347,1,creak,63241,4797,0,5,21,32,25,14,3,0.248333333,1,0,1,0,1,0,0,0,0,0,1,0,0,0,0,0,0,1,0,0,0,0,0,0,0,0
2022/5/31,346,2,manor,62768,4802,0,6,27,34,21,10,2,0.263666667,1,0,0,0,0,0,0,0,0,0,0,0,1,1,1,0,0,1,0,0,0,0,0,0,0,0
2022/5/30,345,2,atoll,60969,4741,0,6,28,36,21,8,1,0.268666667,1,0,0,0,0,0,0,0,0,0,0,2,0,0,1,0,0,0,0,1,0,0,0,0,0,0
2022/5/29,344,2,bayou,56839,4435,0,6,17,33,29,13,2,0.248833333,1,1,0,0,0,0,0,0,0,0,0,0,0,0,1,0,0,0,0,0,1,0,0,0,1,0
2022/5/28,343,1,crept,60069,4562,0,4,27,38,22,7,1,0.263299663,0,0,1,0,1,0,0,0,0,0,0,0,0,0,0,1,0,1,0,1,0,0,0,0,0,0
2022/5/27,342,3,tiara,63846,4842,0,8,36,33,17,6,1,0.283663366,2,0,0,0,0,0,0,0,1,0,0,0,0,0,0,0,0,1,0,1,0,0,0,0,0,0
2022/5/26,341,2,asset,63188,4733,0,7,28,34,21,8,1,0.271380471,1,0,0,0,1,0,0,0,0,0,0,0,0,0,0,0,0,0,2,1,0,0,0,0,0,0
2022/5/25,340,1,vouch,62723,4835,0,2,9,25,33,24,6,0.210606061,0,0,1,0,0,0,0,1,0,0,0,0,0,0,1,0,0,0,0,0,1,1,0,0,0,0
2022/5/24,339,2,album,63380,4809,0,5,26,35,24,9,1,0.262166667,1,1,0,0,0,0,0,0,0,0,0,1,1,0,0,0,0,0,0,0,1,0,0,0,0,0
2022/5/23,338,1,hinge,66431,4906,0,5,25,37,22,9,2,0.259833333,0,0,0,0,1,0,1,1,1,0,0,0,0,1,0,0,0,0,0,0,0,0,0,0,0,0
2022/5/22,337,2,money,67909,4928,1,7,26,36,21,8,1,0.277,0,0,0,0,1,0,0,0,0,0,0,0,1,1,1,0,0,0,0,0,0,0,0,0,1,0
2022/5/21,336,1,scrap,66814,4973,1,9,28,34,20,8,1,0.283828383,1,0,1,0,0,0,0,0,0,0,0,0,0,0,0,1,0,1,1,0,0,0,0,0,0,0
2022/5/20,335,2,gamer,69884,5238,1,4,17,28,26,18,6,0.238666667,1,0,0,0,1,0,1,0,0,0,0,0,1,0,0,0,0,1,0,0,0,0,0,0,0,0
2022/5/19,334,1,glass,70920,5162,0,4,19,33,27,14,3,0.243166667,1,0,0,0,0,0,1,0,0,0,0,1,0,0,0,0,0,0,2,0,0,0,0,0,0,0
2022/5/18,333,2,scour,73933,5544,0,8,34,35,17,5,1,0.283166667,0,0,1,0,0,0,0,0,0,0,0,0,0,0,1,0,0,1,1,0,1,0,0,0,0,0
2022/5/17,332,2,being,70722,5142,0,4,22,37,26,10,1,0.2545,0,1,0,0,1,0,1,0,1,0,0,0,0,1,0,0,0,0,0,0,0,0,0,0,0,0
2022/5/16,331,1,delve,68349,5179,0,2,14,32,33,16,2,0.231649832,0,0,0,1,2,0,0,0,0,0,0,1,0,0,0,0,0,0,0,0,0,1,0,0,0,0
2022/5/15,330,1,yield,67115,4963,0,4,16,29,29,18,4,0.233833333,0,0,0,1,1,0,0,0,1,0,0,1,0,0,0,0,0,0,0,0,0,0,0,0,1,0
2022/5/14,329,2,metal,73225,5290,1,10,31,34,18,7,1,0.290196078,1,0,0,0,1,0,0,0,0,0,0,1,1,0,0,0,0,0,0,1,0,0,0,0,0,0
2022/5/13,328,2,tipsy,77585,5522,0,6,33,38,17,5,1,0.277333333,0,0,0,0,0,0,0,0,1,0,0,0,0,0,0,1,0,0,1,1,0,0,0,0,1,0
2022/5/12,327,1,slung,75673,5419,0,2,16,37,31,13,2,0.237128713,0,0,0,0,0,0,1,0,0,0,0,1,0,1,0,0,0,0,1,0,1,0,0,0,0,0
2022/5/11,326,1,farce,79446,5688,0,9,26,32,21,9,1,0.27414966,1,0,1,0,1,1,0,0,0,0,0,0,0,0,0,0,0,1,0,0,0,0,0,0,0,0
2022/5/10,325,2,gecko,74412,5489,0,2,16,38,29,12,2,0.238720539,0,0,1,0,1,0,1,0,0,0,1,0,0,0,1,0,0,0,0,0,0,0,0,0,0,0
2022/5/9,324,1,shine,88932,6146,1,14,32,30,17,6,1,0.302640264,0,0,0,0,1,0,0,1,1,0,0,0,0,1,0,0,0,0,1,0,0,0,0,0,0,0
2022/5/8,323,2,canny,72518,5256,0,2,10,30,34,20,4,0.219666667,1,0,1,0,0,0,0,0,0,0,0,0,0,2,0,0,0,0,0,0,0,0,0,0,1,0
2022/5/7,322,1,midst,74458,5233,0,3,25,39,24,9,1,0.256270627,0,0,0,1,0,0,0,0,1,0,0,0,1,0,0,0,0,0,1,1,0,0,0,0,0,0
2022/5/6,321,1,badge,76292,5482,0,4,20,35,26,12,2,0.248653199,1,1,0,1,1,0,1,0,0,0,0,0,0,0,0,0,0,0,0,0,0,0,0,0,0,0
2022/5/5,320,2,homer,85979,6313,0,3,16,26,24,19,12,0.213,0,0,0,0,1,0,0,1,0,0,0,0,1,0,1,0,0,1,0,0,0,0,0,0,0,0
2022/5/4,319,1,train,107750,7243,6,26,32,22,10,3,0,0.38047138,1,0,0,0,0,0,0,0,1,0,0,0,0,1,0,0,0,1,0,1,0,0,0,0,0,0
2022/5/3,318,2,hairy,85817,5941,1,8,24,33,23,10,1,0.275166667,1,0,0,0,0,0,0,1,1,0,0,0,0,0,0,0,0,1,0,0,0,0,0,0,1,0
2022/5/2,317,2,story,95643,6530,1,10,23,29,24,11,2,0.2755,0,0,0,0,0,0,0,0,0,0,0,0,0,0,1,0,0,1,1,1,0,0,0,0,1,0
2022/5/1,316,2,forgo,77658,5699,0,1,9,26,37,23,3,0.214478114,0,0,0,0,0,1,1,0,0,0,0,0,0,0,2,0,0,1,0,0,0,0,0,0,0,0
2022/4/30,315,2,larva,77991,5749,0,2,10,25,35,23,4,0.216329966,2,0,0,0,0,0,0,0,0,0,0,1,0,0,0,0,0,1,0,0,0,1,0,0,0,0
2022/4/29,314,1,tash,106652,7001,2,19,34,27,13,4,1,0.3285,1,0,0,0,0,0,0,1,0,0,0,0,0,0,0,0,0,0,1,1,0,0,0,0,0,0
2022/4/28,313,2,zesty,88974,6315,0,2,12,27,30,22,7,0.214166667,0,0,0,0,1,0,0,0,0,0,0,0,0,0,0,0,0,0,1,1,0,0,0,0,1,1
2022/4/27,312,1,shown,98967,6564,0,6,26,36,22,8,1,0.266666667,0,0,0,0,0,0,0,1,0,0,0,0,0,1,1,0,0,0,1,0,0,0,1,0,0,0
2022/4/26,311,1,heist,103153,6830,1,13,32,31,16,6,1,0.301166667,0,0,0,0,1,0,0,1,1,0,0,0,0,0,0,0,0,0,1,1,0,0,0,0,0,0
2022/4/25,310,2,askew,91548,6549,0,3,13,29,32,19,4,0.2265,1,0,0,0,1,0,0,0,0,0,1,0,0,0,0,0,0,0,1,0,0,0,1,0,0,0
2022/4/24,309,2,inert,97452,6743,0,7,27,34,22,9,1,0.269,0,0,0,0,1,0,0,0,1,0,0,0,0,1,0,0,0,1,0,1,0,0,0,0,0,0
2022/4/23,308,2,olive,95562,6482,1,6,25,34,23,10,1,0.271,0,0,0,0,1,0,0,0,1,0,0,1,0,0,1,0,0,0,0,0,0,1,0,0,0,0
2022/4/22,307,1,plant,119232,7731,2,19,39,28,10,3,0,0.336633663,1,0,0,0,0,0,0,0,0,0,0,1,0,1,0,1,0,0,0,1,0,0,0,0,0,0
2022/4/21,306,2,oxide,97955,6960,0,2,11,30,33,21,4,0.220462046,0,0,0,1,1,0,0,0,1,0,0,0,0,0,1,0,0,0,0,0,0,0,0,1,0,0
2022/4/20,305,2,cargo,102007,6796,0,5,20,34,27,12,2,0.250666667,1,0,1,0,0,0,1,0,0,0,0,0,0,0,1,0,0,1,0,0,0,0,0,0,0,0
2022/4/19,304,2,foyer,108899,8198,0,2,10,19,19,23,26,0.168855219,0,0,0,0,1,1,0,0,0,0,0,0,0,0,1,0,0,1,0,0,0,0,0,0,1,0
2022/4/18,303,1,flair,112383,7341,1,8,30,36,18,6,1,0.286,1,0,0,0,0,1,0,0,1,0,0,1,0,0,0,0,0,1,0,0,0,0,0,0,0,0
2022/4/17,302,2,ample,106681,7008,0,4,20,35,27,11,2,0.248989899,1,0,0,0,1,0,0,0,0,0,0,1,1,0,0,1,0,0,0,0,0,0,0,0,0,0
2022/4/16,301,1,cheek,107987,7035,0,3,19,40,28,9,1,0.249333333,0,0,1,0,2,0,0,1,0,0,1,0,0,0,0,0,0,0,0,0,0,0,0,0,0,0
2022/4/15,300,1,shame,129991,8522,1,11,22,25,21,15,5,0.267833333,1,0,0,0,1,0,0,1,0,0,0,0,1,0,0,0,0,0,1,0,0,0,0,0,0,0
2022/4/14,299,1,mince,113448,7356,0,6,24,35,24,10,1,0.262166667,0,0,1,0,1,0,0,0,1,0,0,0,1,1,0,0,0,0,0,0,0,0,0,0,0,0
2022/4/13,298,1,chunk,123255,7835,1,4,29,42,18,5,1,0.276,0,0,1,0,0,0,0,1,0,0,1,0,0,1,0,0,0,0,0,0,1,0,0,0,0,0
2022/4/12,297,2,royal,114907,7275,1,5,24,36,23,9,1,0.268686869,1,0,0,0,0,0,0,0,0,0,0,1,0,0,1,0,0,1,0,0,0,0,0,0,1,0
2022/4/11,296,1,squad,109828,7236,0,3,20,33,27,14,2,0.243939394,1,0,0,1,0,0,0,0,0,0,0,0,0,0,0,0,1,0,1,0,1,0,0,0,0,0
2022/4/10,295,1,black,126241,7894,1,10,31,34,18,6,1,0.291419142,1,1,1,0,0,0,0,0,0,0,1,1,0,0,0,0,0,0,0,0,0,0,0,0,0,0
2022/4/9,294,1,stair,134210,8537,2,21,36,26,11,4,1,0.335313531,1,0,0,0,0,0,0,0,1,0,0,0,0,0,0,0,0,1,1,1,0,0,0,0,0,0
2022/4/8,293,1,scare,141158,9010,1,12,23,26,21,13,4,0.275333333,1,0,1,0,1,0,0,0,0,0,0,0,0,0,0,0,0,1,1,0,0,0,0,0,0,0
2022/4/7,292,2,foray,117761,7575,0,2,14,31,31,19,4,0.225577558,1,0,0,0,0,1,0,0,0,0,0,0,0,0,1,0,0,1,0,0,0,0,0,0,1,0
2022/4/6,291,2,comma,117856,7560,0,2,13,33,33,17,3,0.227887789,1,0,1,0,0,0,0,0,0,0,0,0,2,0,1,0,0,0,0,0,0,0,0,0,0,0
2022/4/5,290,2,natal,121356,7702,0,2,14,32,32,17,3,0.229,2,0,0,0,0,0,0,0,0,0,0,1,0,1,0,0,0,0,0,1,0,0,0,0,0,0
2022/4/4,289,1,shawl,129651,7943,0,3,16,31,30,16,3,0.234848485,1,0,0,0,0,0,0,1,0,0,0,1,0,0,0,0,0,0,1,0,0,0,1,0,0,0
2022/4/3,288,2,fewer,124532,7931,0,2,10,24,32,26,6,0.210666667,0,0,0,0,2,1,0,0,0,0,0,0,0,0,0,0,0,1,0,0,0,0,1,0,0,0
2022/4/2,287,1,trope,155079,9315,1,16,33,28,15,6,1,0.31,0,0,0,0,1,0,0,0,0,0,0,0,0,0,1,1,0,1,0,1,0,0,0,0,0,0
2022/4/1,286,1,snout,144648,8913,1,4,19,27,26,18,5,0.242833333,0,0,0,0,0,0,0,0,0,0,0,0,0,1,1,0,0,0,1,1,1,0,0,0,0,0
2022/3/31,285,2,lowly,135219,8469,0,2,9,26,32,24,8,0.206930693,0,0,0,0,0,0,0,0,0,0,0,2,0,0,1,0,0,0,0,0,0,0,1,0,1,0
2022/3/30,284,1,stove,158139,9318,0,5,16,24,27,21,6,0.22962963,0,0,0,0,1,0,0,0,0,0,0,0,0,0,1,0,0,0,1,1,0,1,0,0,0,0
2022/3/29,283,1,shall,149070,8494,0,3,17,30,28,17,4,0.233333333,1,0,0,0,0,0,0,1,0,0,0,2,0,0,0,0,0,0,1,0,0,0,0,0,0,0
2022/3/28,282,1,found,173696,10613,1,6,17,22,20,21,14,0.224422442,0,0,0,1,0,1,0,0,0,0,0,0,0,1,1,0,0,0,0,0,1,0,0,0,0,0
2022/3/27,281,1,nymph,165468,9935,1,2,18,44,26,26,9,0.226455026,0,0,0,0,0,0,0,1,0,0,0,0,1,1,0,1,0,0,0,0,0,0,0,0,1,0
2022/3/26,280,3,epoxy,149507,9376,0,2,13,31,33,18,3,0.226833333,0,0,0,0,1,0,0,0,0,0,0,0,0,0,1,1,0,0,0,0,0,0,0,1,1,0
2022/3/25,279,2,depot,150197,8562,0,5,29,36,20,7,1,0.268707483,0,0,0,1,1,0,0,0,0,0,0,0,0,0,1,1,0,0,0,1,0,0,0,0,0,0
2022/3/24,278,1,chest,169066,9318,1,14,35,31,14,5,1,0.307425743,0,0,1,0,1,0,0,1,0,0,0,0,0,0,0,0,0,0,1,1,0,0,0,0,0,0
2022/3/23,277,1,purge,156785,8555,1,4,22,35,26,11,2,0.258580858,0,0,0,0,1,0,1,0,0,0,0,0,0,0,0,1,0,1,0,0,1,0,0,0,0,0
2022/3/22,276,1,slosh,160161,8807,0,2,19,36,27,13,2,0.241414141,0,0,0,0,0,0,0,1,0,0,0,1,0,0,1,0,0,0,2,0,0,0,0,0,0,0
2022/3/21,275,1,their,173636,9200,2,14,36,30,13,4,0,0.320875421,0,0,0,0,1,0,0,1,1,0,0,0,0,0,0,0,0,1,0,1,0,0,0,0,0,0
2022/3/20,274,2,renew,154987,8417,0,4,20,33,27,13,2,0.247306397,0,0,0,0,2,0,0,0,0,0,0,0,0,1,0,0,0,1,0,0,0,0,1,0,0,0
2022/3/19,273,2,allow,156311,8515,0,5,21,32,26,14,3,0.247854785,1,0,0,0,0,0,0,0,0,0,0,2,0,0,1,0,0,0,0,0,0,0,1,0,0,0
2022/3/18,272,2,saute,179830,9304,1,8,31,34,19,6,1,0.286333333,1,0,0,0,1,0,0,0,0,0,0,0,0,0,0,0,0,0,1,1,1,0,0,0,0,0
2022/3/17,271,2,movie,169071,8847,1,5,18,30,26,16,3,0.251178451,0,0,0,0,1,0,0,0,1,0,0,0,1,0,1,0,0,0,0,0,0,1,0,0,0,0
2022/3/16,270,2,cater,217856,11234,1,7,19,22,19,18,15,0.229042904,1,0,1,0,1,0,0,0,0,0,0,0,0,0,0,0,0,1,0,1,0,0,0,0,0,0
2022/3/15,269,1,tease,202855,10024,1,16,32,30,16,6,1,0.30751634,1,0,0,0,2,0,0,0,0,0,0,0,0,0,0,0,0,0,1,1,0,0,0,0,0,0
2022/3/14,268,1,smelt,185406,9373,0,5,19,33,28,13,2,0.2485,0,0,0,0,1,0,0,0,0,0,0,1,1,0,0,0,0,0,1,1,0,0,0,0,0,0
2022/3/13,267,2,focus,179436,8937,1,4,23,36,24,10,1,0.263973064,0,0,1,0,0,1,0,0,0,0,0,0,0,0,1,0,0,0,1,0,1,0,0,0,0,0
2022/3/12,266,2,today,192049,9353,1,7,29,35,20,7,1,0.280833333,1,0,0,1,0,0,0,0,0,0,0,0,0,0,1,0,0,0,0,1,0,0,0,0,1,0
2022/3/11,265,1,watch,226349,12400,1,6,14,18,17,24,20,0.205666667,1,0,1,0,0,0,0,1,0,0,0,0,0,0,0,0,0,0,0,1,0,0,1,0,0,0
2022/3/10,264,1,lapse,208884,9960,0,8,31,34,19,7,1,0.278,1,0,0,0,1,0,0,0,0,0,0,1,0,0,0,1,0,0,1,0,0,0,0,0,0,0
2022/3/9,263,1,month,201799,9435,1,5,26,37,22,8,1,0.2715,0,0,0,0,0,0,0,1,0,0,0,0,1,1,1,0,0,0,0,1,0,0,0,0,0,0
2022/3/8,262,1,sweet,207473,9767,1,5,18,31,28,15,2,0.2535,0,0,0,0,2,0,0,0,0,0,0,0,0,0,0,0,0,0,1,1,0,0,1,0,0,0
2022/3/7,261,1,hoard,218595,9823,1,9,30,34,19,7,1,0.28679868,1,0,0,1,0,0,0,1,0,0,0,0,0,0,1,0,0,1,0,0,0,0,0,0,0,0
2022/3/6,260,1,cloth,218595,9911,1,8,33,34,17,7,1,0.287788779,0,0,1,0,0,0,0,1,0,0,0,1,0,0,1,0,0,0,0,1,0,0,0,0,0,0
2022/3/5,259,1,brine,229895,10405,1,9,25,29,22,12,3,0.272112211,0,1,0,0,1,0,0,0,1,0,0,0,0,1,0,0,0,1,0,0,0,0,0,0,0,0
2022/3/4,258,2,ahead,203730,9396,1,5,20,35,26,12,2,0.258580858,2,0,0,1,1,0,0,1,0,0,0,0,0,0,0,0,0,0,0,0,0,0,0,0,0,0
2022/3/3,257,1,mourn,240018,10465,1,8,29,34,19,8,1,0.283,0,0,0,0,0,0,0,0,0,0,0,0,1,1,1,0,0,1,0,0,1,0,0,0,0,0
2022/3/2,256,2,nasty,257304,10813,1,7,26,31,21,11,2,0.272222222,1,0,0,0,0,0,0,0,0,0,0,0,0,1,0,0,0,0,1,1,0,0,0,0,1,0
2022/3/1,255,2,rupee,240137,10577,1,2,17,35,30,13,2,0.245833333,0,0,0,0,2,0,0,0,0,0,0,0,0,0,0,1,0,1,0,0,1,0,0,0,0,0
2022/2/28,254,1,choke,251094,10521,1,8,30,36,18,6,1,0.286,0,0,1,0,1,0,0,1,0,0,1,0,0,0,1,0,0,0,0,0,0,0,0,0,0,0
2022/2/27,253,1,chant,250413,10438,1,9,33,33,16,7,1,0.291166667,1,0,1,0,0,0,0,1,0,0,0,0,0,1,0,0,0,0,0,1,0,0,0,0,0,0
2022/2/26,252,1,spill,248363,10087,1,5,26,34,22,10,2,0.267333333,0,0,0,0,0,0,0,0,1,0,0,2,0,0,0,1,0,0,1,0,0,0,0,0,0,0
2022/2/25,251,2,vivid,255907,11687,1,2,10,29,33,21,4,0.226833333,0,0,0,1,0,0,0,0,2,0,0,0,0,0,0,0,0,0,0,0,0,2,0,0,0,0
2022/2/24,250,1,bloke,250674,10405,1,6,21,32,25,12,2,0.262626263,0,1,0,0,1,0,0,0,0,0,1,1,0,0,1,0,0,0,0,0,0,0,0,0,0,0
2022/2/23,249,1,trove,277576,11411,1,5,16,24,25,22,8,0.232673267,0,0,0,0,1,0,0,0,0,0,0,0,0,0,1,0,0,1,0,1,0,1,0,0,0,0
2022/2/22,248,1,thorn,306356,11814,1,14,38,30,12,4,0,0.315488215,0,0,0,0,0,0,0,1,0,0,0,0,0,1,1,0,0,1,0,1,0,0,0,0,0,0
2022/2/21,247,2,other,278731,10887,1,9,26,30,21,10,2,0.278114478,0,0,0,0,1,0,0,1,0,0,0,0,0,0,1,0,0,1,0,1,0,0,0,0,0,0
2022/2/20,246,2,tacit,273306,11094,1,4,21,32,26,14,3,0.252805281,1,0,1,0,0,0,0,0,1,0,0,0,0,0,0,0,0,0,0,2,0,0,0,0,0,0
2022/2/19,245,1,swill,282327,11241,1,1,8,19,31,30,10,0.201166667,0,0,0,0,0,0,0,0,1,0,0,2,0,0,0,0,0,0,1,0,0,0,1,0,0,0
2022/2/18,244,1,dodge,265238,10220,1,3,15,29,27,19,7,0.230858086,0,0,0,2,1,0,1,0,0,0,0,0,0,0,1,0,0,0,0,0,0,0,0,0,0,0
2022/2/17,243,1,shake,342003,12767,1,6,16,23,24,21,9,0.233833333,1,0,0,0,1,0,0,1,0,0,1,0,0,0,0,0,0,0,1,0,0,0,0,0,0,0
2022/2/16,242,1,caulk,289721,10740,1,4,20,31,26,15,3,0.251166667,1,0,1,0,0,0,0,0,0,0,1,1,0,0,0,0,0,0,0,0,1,0,0,0,0,0
2022/2/15,241,3,aroma,287836,10343,1,6,25,33,22,11,2,0.268166667,2,0,0,0,0,0,0,0,0,0,0,0,1,0,1,0,0,1,0,0,0,0,0,0,0,0
2022/2/14,240,2,cynic,261521,10343,1,6,25,33,22,11,2,0.268166667,0,0,2,0,0,0,0,0,1,0,0,0,0,1,0,0,0,0,0,0,0,0,0,0,1,0
2022/2/13,239,2,robin,277471,3249,1,6,29,34,21,8,1,0.277,0,1,0,0,0,0,0,0,1,0,0,0,0,1,1,0,0,1,0,0,0,0,0,0,0,0
2022/2/12,238,2,ultra,269885,9310,1,7,23,34,24,10,1,0.271333333,1,0,0,0,0,0,0,0,0,0,0,1,0,0,0,0,0,1,0,1,1,0,0,0,0,0
2022/2/11,237,2,ulcer,278826,10631,1,4,18,30,28,16,3,0.247666667,0,0,1,0,1,0,0,0,0,0,0,1,0,0,0,0,0,1,0,0,1,0,0,0,0,0
2022/2/10,236,1,pause,304830,13480,1,8,26,32,21,10,2,0.275333333,1,0,0,0,1,0,0,0,0,0,0,0,0,0,0,1,0,0,1,0,1,0,0,0,0,0
2022/2/9,235,2,humor,305372,13846,1,5,22,34,25,11,2,0.261666667,0,0,0,0,0,0,0,1,0,0,0,0,1,0,1,0,0,1,0,0,1,0,0,0,0,0
2022/2/8,234,1,frame,336236,15369,1,10,20,24,24,17,3,0.265656566,1,0,0,0,1,1,0,0,0,0,0,0,1,0,0,0,0,1,0,0,0,0,0,0,0,0
2022/2/7,233,2,elder,288228,13340,1,3,13,24,30,24,5,0.228333333,0,0,0,1,2,0,0,0,0,0,0,1,0,0,0,0,0,1,0,0,0,0,0,0,0,0
2022/2/6,232,1,skill,311018,13716,1,3,17,33,27,16,3,0.244833333,0,0,0,0,0,0,0,0,1,0,1,2,0,0,0,0,0,0,1,0,0,0,0,0,0,0
2022/2/5,231,2,aloft,319698,13708,1,4,22,36,25,11,2,0.259075908,1,0,0,0,0,1,0,0,0,0,0,1,0,0,1,0,0,0,0,1,0,0,0,0,0,0
2022/2/4,230,1,pleat,359679,14813,1,10,28,31,19,9,2,0.283833333,1,0,0,0,1,0,0,0,0,0,0,1,0,0,0,1,0,0,0,1,0,0,0,0,0,0
2022/2/3,229,1,shard,358176,14609,1,7,22,28,25,14,4,0.259075908,1,0,0,1,0,0,0,1,0,0,0,0,0,0,0,0,0,1,1,0,0,0,0,0,0,0
2022/2/2,228,1,moist,361908,14205,3,13,32,29,16,7,1,0.314686469,0,0,0,0,0,0,0,0,1,0,0,0,1,0,1,0,0,0,1,1,0,0,0,0,0,0
2022/2/1,227,1,those,351663,13606,1,13,34,30,15,6,1,0.303333333,0,0,0,0,1,0,0,1,0,0,0,0,0,0,1,0,0,0,1,1,0,0,0,0,0,0
2022/1/31,226,1,light,341314,13347,1,10,25,27,19,12,5,0.271548822,0,0,0,0,0,0,1,1,1,0,0,1,0,0,0,0,0,0,0,1,0,0,0,0,0,0
2022/1/30,225,1,wrung,294687,11524,0,2,18,39,27,12,2,0.2415,0,0,0,0,0,0,1,0,0,0,0,0,0,1,0,0,0,1,0,0,1,0,1,0,0,0
2022/1/29,224,1,could,313220,11592,1,7,29,35,20,8,1,0.27970297,0,0,1,1,0,0,0,0,0,0,0,1,0,0,1,0,0,0,0,0,1,0,0,0,0,0
2022/1/28,223,2,perky,296968,11148,1,4,17,30,27,17,4,0.244,0,0,0,0,1,0,0,0,0,0,1,0,0,0,0,1,0,1,0,0,0,0,0,0,1,0
2022/1/27,222,1,mount,331844,11451,1,9,29,33,19,7,1,0.286700337,0,0,0,0,0,0,0,0,0,0,0,0,1,1,1,0,0,0,0,1,1,0,0,0,0,0
2022/1/26,221,1,whack,302348,10163,1,4,22,37,24,10,2,0.2605,1,0,1,0,0,0,0,1,0,0,1,0,0,0,0,0,0,0,0,0,0,0,1,0,0,0
2022/1/25,220,2,sugar,276404,8708,1,6,25,34,23,9,1,0.272053872,1,0,0,0,0,0,1,0,0,0,0,0,0,0,0,0,0,1,1,0,1,0,0,0,0,0
2022/1/24,219,1,knoll,258038,8317,1,1,11,29,33,21,4,0.225166667,0,0,0,0,0,0,0,0,0,0,1,2,0,1,1,0,0,0,0,0,0,0,0,0,0,0
2022/1/23,218,1,crimp,269929,7630,1,5,28,38,20,7,1,0.275,0,0,1,0,0,0,0,0,1,0,0,0,1,0,0,1,0,1,0,0,0,0,0,0,0,0
2022/1/22,217,1,wince,241489,6850,1,3,17,33,29,15,3,0.244719472,0,0,1,0,1,0,0,0,1,0,0,0,0,1,0,0,0,0,0,0,0,0,1,0,0,0
2022/1/21,216,1,prick,273727,7409,1,8,30,33,19,7,1,0.285016835,0,0,1,0,0,0,0,0,1,0,1,0,0,0,0,1,0,1,0,0,0,0,0,0,0,0
2022/1/20,215,2,robot,243964,6589,1,8,29,34,20,8,1,0.282178218,0,1,0,0,0,0,0,0,0,0,0,0,0,0,2,0,0,1,0,1,0,0,0,0,0,0
2022/1/19,214,1,point,280622,7094,1,16,37,28,12,4,1,0.317171717,0,0,0,0,0,0,0,0,1,0,0,0,0,1,1,1,0,0,0,1,0,0,0,0,0,0
2022/1/18,213,2,proxy,220950,6206,1,2,11,24,31,26,6,0.21980198,0,0,0,0,0,0,0,0,0,0,0,0,0,0,1,1,0,1,0,0,0,0,0,1,1,0
2022/1/17,212,1,shire,222197,5640,1,8,32,32,18,8,2,0.283168317,0,0,0,0,1,0,0,1,1,0,0,0,0,0,0,0,0,1,1,0,0,0,0,0,0,0
2022/1/16,211,2,solar,209609,4955,1,9,32,32,18,7,1,0.289333333,1,0,0,0,0,0,0,0,0,0,0,1,0,0,1,0,0,1,1,0,0,0,0,0,0,0
2022/1/15,210,2,panic,205880,4655,1,9,35,34,16,5,1,0.294059406,1,0,1,0,0,0,0,0,1,0,0,0,0,1,0,1,0,0,0,0,0,0,0,0,0,0
2022/1/14,209,2,tangy,169484,3985,1,4,21,30,24,15,5,0.248,1,0,0,0,0,0,1,0,0,0,0,0,0,1,0,0,0,0,0,1,0,0,0,0,1,0
2022/1/13,208,2,abbey,132726,3345,1,2,13,29,31,20,3,0.233501684,1,2,0,0,1,0,0,0,0,0,0,0,0,0,0,0,0,0,0,0,0,0,0,0,1,0
2022/1/12,207,2,favor ,137586,3073,1,4,15,26,29,21,4,0.238,1,0,0,0,0,1,0,0,0,0,0,0,0,0,1,0,0,1,0,0,0,1,0,0,0,0
2022/1/11,206,1,drink,153880,3017,1,9,35,34,16,5,1,0.294059406,0,0,0,1,0,0,0,0,1,0,1,0,0,1,0,0,0,1,0,0,0,0,0,0,0,0
2022/1/10,205,2,query,107134,2242,1,4,16,30,30,17,2,0.246666667,0,0,0,0,1,0,0,0,0,0,0,0,0,0,0,0,1,1,0,0,1,0,0,0,1,0
2022/1/9,204,1,gorge,91477,1913,1,3,13,27,30,22,4,0.2325,0,0,0,0,1,0,2,0,0,0,0,0,0,0,1,0,0,1,0,0,0,0,0,0,0,0
2022/1/8,203,1,crank,101503,1763,1,5,23,31,24,14,2,0.2605,1,0,1,0,0,0,0,0,0,0,1,0,0,1,0,0,0,1,0,0,0,0,0,0,0,0
2022/1/7,202,1,slump,80630,1362,1,3,23,39,24,9,1,0.262166667,0,0,0,0,0,0,0,0,0,0,0,1,1,0,0,1,0,0,1,0,1,0,0,0,0,0
