,0,1,2,3,4,5,6,7,8,9,10,11,12,13,14,15,16,17,18,19,20,21,22,23,24,25,26,27,28,29
0,2.0,2.0,1.284142161284503,1.284142161284503,0.0,0.0,0.0,0.0,0.0,0.0,0.0,0.0,0.0,0.0,0.0,0.0,0.0,0.0,0.0,0.0,0.0,0.0,0.0,124.0,0.0,4.0,0.0,1.0,0.0,1.0
1,2.0,2.0,1.4225551731119659,1.4225551731119659,0.0,0.0,0.0,0.0,0.0,0.0,0.0,0.0,0.0,0.0,0.0,0.0,0.0,0.0,0.0,0.0,0.0,0.0,0.0,121.5,0.0,4.0,0.0,2.0,0.0,2.0
2,1.0,2.0,1.3237806035300814,1.3237806035300814,0.0,0.0,0.0,0.0,0.0,0.0,0.0,0.0,0.0,0.5,0.0,0.0,0.0,0.0,0.0,0.0,0.0,0.0,0.0,117.66666666666667,0.0,5.0,0.0,1.0,0.0,2.0
3,2.0,2.0,1.317121873625072,1.317121873625072,0.0,0.0,0.0,0.3333333333333333,0.0,0.0,0.0,0.0,0.0,0.3333333333333333,0.0,0.0,0.0,0.0,0.0,0.0,0.0,0.0,0.0,118.25,0.0,2.0,0.0,2.0,0.0,2.0
4,2.0,2.0,1.2978523327064249,1.2978523327064249,0.0,0.0,0.0,0.25,0.0,0.0,0.0,0.0,0.0,0.25,0.0,0.0,0.0,0.0,0.0,0.0,0.0,0.0,0.0,117.0,0.0,5.0,0.0,1.0,0.0,2.0
5,2.0,1.0,1.0521006151912038,1.0521006151912038,0.0,0.0,0.0,0.2,0.0,0.0,0.2,0.0,0.0,0.2,0.0,0.0,0.0,0.0,0.0,0.0,0.0,0.0,124.0,117.0,4.0,0.0,2.0,0.0,1.0,0.0
6,2.0,1.0,1.0712477460272343,1.0712477460272343,0.0,0.0,0.0,0.16666666666666666,0.0,0.0,0.16666666666666666,0.0,0.0,0.16666666666666666,0.0,0.0,0.0,0.0,0.0,0.0,0.0,0.0,108.5,117.0,3.0,0.0,2.0,0.0,2.0,0.0
7,2.0,1.0,1.0808834890090595,1.0808834890090595,0.0,0.0,0.0,0.2857142857142857,0.0,0.0,0.14285714285714285,0.0,0.0,0.14285714285714285,0.0,0.0,0.0,0.0,0.0,0.0,0.0,0.0,104.33333333333333,117.0,1.0,0.0,2.0,0.0,1.0,0.0
8,1.0,1.0,1.07433038830498,1.07433038830498,0.0,0.0,0.0,0.25,0.0,0.0,0.125,0.0,0.0,0.125,0.0,0.0,0.0,0.25,0.0,0.0,0.0,0.25,101.5,117.0,3.0,0.0,2.0,0.0,2.0,0.0
9,1.0,1.0,1.0554150408622376,1.0554150408622376,0.0,0.0,0.0,0.2222222222222222,0.0,0.0,0.1111111111111111,0.0,0.0,0.1111111111111111,0.0,0.0,0.0,0.4,0.0,0.0,0.0,0.4,104.4,117.0,5.0,0.0,1.0,0.0,2.0,0.0
10,1.0,1.0,1.0441518833469905,1.0441518833469905,0.0,0.0,0.0,0.2,0.0,0.0,0.1,0.1,0.0,0.1,0.0,0.0,0.0,0.5,0.0,0.0,0.0,0.5,102.5,117.0,3.0,0.0,2.0,0.0,2.0,0.0
11,1.0,1.0,1.0263945373299193,1.0263945373299193,0.0,0.0,0.0,0.18181818181818182,0.0,0.0,0.09090909090909091,0.18181818181818182,0.0,0.09090909090909091,0.0,0.0,0.0,0.42857142857142855,0.0,0.0,0.0,0.42857142857142855,102.0,117.0,2.0,0.0,2.0,0.0,2.0,0.0
12,1.0,1.0,1.0264914914914915,1.0264914914914915,0.125,0.0,0.08333333333333333,0.16666666666666666,0.0,0.0,0.08333333333333333,0.16666666666666666,0.0,0.08333333333333333,0.0,0.0,0.0,0.375,0.0,0.0,0.0,0.375,105.375,117.0,5.0,0.0,1.0,0.0,0.0,0.0
13,2.0,2.0,1.028218462586579,1.028218462586579,0.125,0.0,0.07692307692307693,0.15384615384615385,0.0,0.0,0.07692307692307693,0.15384615384615385,0.0,0.15384615384615385,0.0,0.07692307692307693,0.0,0.375,0.0,0.0,0.0,0.375,105.375,112.33333333333333,0.0,2.0,0.0,2.0,0.0,2.0
14,2.0,2.0,1.0327087442472058,1.0327087442472058,0.125,0.0,0.07142857142857142,0.14285714285714285,0.0,0.0,0.07142857142857142,0.14285714285714285,0.0,0.14285714285714285,0.0,0.07142857142857142,0.0,0.375,0.0,0.0,0.0,0.375,105.375,111.42857142857143,0.0,4.0,0.0,1.0,0.0,1.0
15,2.0,2.0,1.0417011783215473,1.0417011783215473,0.125,0.0,0.06666666666666667,0.2,0.0,0.0,0.06666666666666667,0.13333333333333333,0.0,0.2,0.0,0.13333333333333333,0.0,0.375,0.0,0.0,0.0,0.375,105.375,109.875,0.0,3.0,0.0,2.0,0.0,2.0
16,2.0,2.0,1.0536139669007023,1.0536139669007023,0.125,0.0,0.0625,0.1875,0.0,0.0,0.125,0.125,0.0,0.1875,0.0,0.125,0.0,0.375,0.0,0.0,0.0,0.375,105.375,108.88888888888889,0.0,4.0,0.0,2.0,0.0,1.0
17,2.0,1.0,1.0432581971475523,1.0432581971475523,0.1111111111111111,0.0,0.058823529411764705,0.17647058823529413,0.0,0.0,0.11764705882352941,0.11764705882352941,0.0,0.17647058823529413,0.0,0.11764705882352941,0.0,0.3333333333333333,0.0,0.0,0.0,0.3333333333333333,104.22222222222223,108.88888888888889,4.0,0.0,2.0,0.0,2.0,0.0
18,1.0,1.0,1.0172285384742135,1.0172285384742135,0.1,0.0,0.05555555555555555,0.16666666666666666,0.0,0.0,0.1111111111111111,0.1111111111111111,0.0,0.16666666666666666,0.0,0.1111111111111111,0.0,0.3,0.0,0.0,0.0,0.3,106.3,108.88888888888889,4.0,0.0,2.0,0.0,1.0,0.0
19,1.0,1.0,1.0178830552336198,1.0178830552336198,0.09090909090909091,0.0,0.05263157894736842,0.15789473684210525,0.0,0.0,0.10526315789473684,0.15789473684210525,0.0,0.15789473684210525,0.0,0.10526315789473684,0.0,0.2727272727272727,0.0,0.0,0.0,0.2727272727272727,106.0,108.88888888888889,1.0,0.0,2.0,0.0,1.0,0.0
20,2.0,1.0,0.9972881915570123,1.0020683580303702,0.08333333333333333,0.0,0.05,0.15,0.0,0.0,0.15,0.15,0.0,0.15,0.0,0.1,0.0,0.25,0.0,0.0,0.0,0.25,107.0,108.88888888888889,4.0,0.0,2.0,0.0,2.0,0.0
21,1.0,1.0,0.9887135554772631,1.001565442702398,0.15384615384615385,0.0,0.09523809523809523,0.14285714285714285,0.0,0.0,0.14285714285714285,0.14285714285714285,0.0,0.14285714285714285,0.0,0.09523809523809523,0.0,0.23076923076923078,0.0,0.0,0.0,0.23076923076923078,108.53846153846153,108.88888888888889,4.0,0.0,2.0,0.0,0.0,0.0
22,1.0,1.0,0.982443186976125,1.0029071586648688,0.14285714285714285,0.0,0.09090909090909091,0.13636363636363635,0.0,0.0,0.13636363636363635,0.18181818181818182,0.0,0.13636363636363635,0.0,0.09090909090909091,0.0,0.21428571428571427,0.0,0.0,0.0,0.21428571428571427,107.78571428571429,108.88888888888889,1.0,0.0,2.0,0.0,2.0,0.0
23,2.0,2.0,0.9682626683619953,0.9947630384146685,0.14285714285714285,0.0,0.08695652173913043,0.13043478260869565,0.0,0.0,0.13043478260869565,0.17391304347826086,0.0,0.13043478260869565,0.0,0.08695652173913043,0.0,0.21428571428571427,0.0,0.0,0.0,0.21428571428571427,107.78571428571429,110.3,0.0,2.0,0.0,1.0,0.0,1.0
24,2.0,2.0,0.9701169292008746,0.9961622000814808,0.14285714285714285,0.0,0.08333333333333333,0.16666666666666666,0.0,0.0,0.125,0.16666666666666666,0.0,0.16666666666666666,0.0,0.125,0.0,0.21428571428571427,0.0,0.0,0.0,0.21428571428571427,107.78571428571429,111.18181818181819,0.0,4.0,0.0,1.0,0.0,1.0
25,2.0,2.0,0.9866139767823645,1.0016836214460172,0.14285714285714285,0.0,0.08,0.16,0.0,0.0,0.12,0.16,0.0,0.16,0.0,0.12,0.0,0.21428571428571427,0.0,0.0,0.0,0.21428571428571427,107.78571428571429,112.33333333333333,0.0,4.0,0.0,2.0,0.0,1.0
26,1.0,2.0,0.9805642475335417,1.0042929427925278,0.14285714285714285,0.0,0.07692307692307693,0.15384615384615385,0.0,0.0,0.11538461538461539,0.15384615384615385,0.0,0.15384615384615385,0.0,0.11538461538461539,0.0,0.21428571428571427,0.0,0.0,0.0,0.21428571428571427,107.78571428571429,110.38461538461539,0.0,3.0,0.0,2.0,0.0,1.0
27,2.0,2.0,0.9751912687436551,1.009711989283322,0.14285714285714285,0.0,0.07407407407407407,0.14814814814814814,0.0,0.0,0.1111111111111111,0.14814814814814814,0.0,0.14814814814814814,0.0,0.1111111111111111,0.0,0.21428571428571427,0.0,0.0,0.0,0.21428571428571427,107.78571428571429,110.42857142857143,0.0,5.0,0.0,1.0,0.0,2.0
28,1.0,1.0,0.9737710900778215,1.0076598051779295,0.13333333333333333,0.0,0.07142857142857142,0.14285714285714285,0.0,0.0,0.10714285714285714,0.14285714285714285,0.0,0.14285714285714285,0.0,0.10714285714285714,0.0,0.2,0.0,0.0,0.0,0.2,108.26666666666667,110.42857142857143,5.0,0.0,1.0,0.0,1.0,0.0
29,2.0,1.0,0.9747754780682437,1.002535516926052,0.125,0.0,0.06896551724137931,0.13793103448275862,0.0,0.0,0.13793103448275862,0.13793103448275862,0.0,0.13793103448275862,0.0,0.10344827586206896,0.0,0.1875,0.0,0.0,0.0,0.1875,107.375,110.42857142857143,3.0,0.0,2.0,0.0,2.0,0.0
30,1.0,1.0,0.871132815110141,0.9298002204438687,0.11764705882352941,0.0,0.06666666666666667,0.13333333333333333,0.0,0.0,0.13333333333333333,0.13333333333333333,0.0,0.13333333333333333,0.0,0.1,0.0,0.17647058823529413,0.0,0.0,0.0,0.17647058823529413,108.0,110.42857142857143,5.0,0.0,1.0,0.0,1.0,0.0
31,2.0,1.0,0.8702328926834461,0.9234651701315972,0.1111111111111111,0.0,0.06451612903225806,0.16129032258064516,0.0,0.0,0.12903225806451613,0.12903225806451613,0.0,0.12903225806451613,0.0,0.0967741935483871,0.0,0.16666666666666666,0.0,0.0,0.0,0.16666666666666666,107.16666666666667,110.42857142857143,3.0,0.0,2.0,0.0,2.0,0.0
32,2.0,1.0,0.8654794972286697,0.9196367095107026,0.10526315789473684,0.0,0.0625,0.15625,0.0,0.0,0.125,0.125,0.0,0.125,0.0,0.09375,0.0,0.15789473684210525,0.0,0.0,0.0,0.15789473684210525,106.94736842105263,110.42857142857143,2.0,0.0,2.0,0.0,1.0,0.0
33,2.0,1.0,0.8610795560937246,0.9135894249140646,0.1,0.0,0.06060606060606061,0.15151515151515152,0.0,0.0,0.15151515151515152,0.12121212121212122,0.0,0.12121212121212122,0.0,0.09090909090909091,0.0,0.2,0.0,0.05,0.0,0.15,106.45,110.42857142857143,1.0,0.0,2.0,0.0,1.0,0.0
34,2.0,2.0,0.8568947494053055,0.9125531591737545,0.1,0.0,0.058823529411764705,0.14705882352941177,0.0,0.0,0.14705882352941177,0.11764705882352941,0.0,0.11764705882352941,0.0,0.08823529411764706,0.0,0.2,0.0,0.05,0.0,0.15,106.45,111.0,0.0,4.0,0.0,1.0,0.0,2.0
35,2.0,2.0,0.8495092739353605,0.9139468484158348,0.1,0.0,0.05714285714285714,0.14285714285714285,0.0,0.0,0.14285714285714285,0.11428571428571428,0.0,0.11428571428571428,0.0,0.08571428571428572,0.0,0.2,0.0,0.05,0.0,0.15,106.45,111.875,0.0,3.0,0.0,2.0,0.0,0.0
36,1.0,2.0,0.8526420922656797,0.9229259897673117,0.1,0.0,0.05555555555555555,0.1388888888888889,0.0,0.0,0.1388888888888889,0.1388888888888889,0.0,0.1111111111111111,0.0,0.08333333333333333,0.0,0.2,0.0,0.05,0.0,0.15,106.45,110.23529411764706,0.0,2.0,0.0,2.0,0.0,2.0
37,1.0,2.0,0.8430142441005901,0.9213363851592308,0.1,0.0,0.08108108108108109,0.13513513513513514,0.0,0.0,0.13513513513513514,0.13513513513513514,0.0,0.13513513513513514,0.0,0.08108108108108109,0.0,0.2,0.0,0.05,0.0,0.15,106.45,109.0,0.0,1.0,0.0,2.0,0.0,2.0
38,2.0,2.0,0.8553746452794488,0.9208055068189113,0.1,0.0,0.07894736842105263,0.13157894736842105,0.0,0.0,0.15789473684210525,0.13157894736842105,0.0,0.13157894736842105,0.0,0.07894736842105263,0.0,0.2,0.0,0.05,0.0,0.15,106.45,108.0,0.0,5.0,0.0,2.0,0.0,1.0
39,2.0,2.0,0.8633701377203622,0.9271938890608522,0.1,0.0,0.07692307692307693,0.15384615384615385,0.0,0.0,0.15384615384615385,0.1282051282051282,0.0,0.15384615384615385,0.0,0.10256410256410256,0.0,0.2,0.0,0.05,0.0,0.15,106.45,108.55,0.0,4.0,0.0,2.0,0.0,2.0
40,1.0,1.0,0.869751403368083,0.9269790828274264,0.09523809523809523,0.0,0.075,0.15,0.0,0.0,0.15,0.125,0.0,0.15,0.0,0.1,0.0,0.19047619047619047,0.0,0.047619047619047616,0.0,0.14285714285714285,106.9047619047619,108.55,5.0,0.0,1.0,0.0,1.0,0.0
41,2.0,1.0,0.8903505210447962,0.935924014761526,0.09090909090909091,0.0,0.07317073170731707,0.14634146341463414,0.0,0.0,0.14634146341463414,0.12195121951219512,0.0,0.17073170731707318,0.0,0.12195121951219512,0.0,0.18181818181818182,0.0,0.045454545454545456,0.0,0.13636363636363635,106.13636363636364,108.55,3.0,0.0,2.0,0.0,1.0,0.0
42,1.0,1.0,0.8878907301789342,0.9359240278361856,0.08695652173913043,0.0,0.07142857142857142,0.14285714285714285,0.0,0.0,0.14285714285714285,0.14285714285714285,0.0,0.16666666666666669,0.0,0.11904761904761904,0.0,0.17391304347826086,0.0,0.043478260869565216,0.0,0.13043478260869565,105.78260869565217,108.55,4.0,0.0,2.0,0.0,2.0,0.0
43,2.0,1.0,0.8861758811629167,0.932316001402664,0.08333333333333333,0.0,0.06976744186046512,0.13953488372093023,0.0,0.0,0.16279069767441862,0.13953488372093023,0.0,0.16279069767441862,0.0,0.11627906976744186,0.0,0.16666666666666666,0.0,0.041666666666666664,0.0,0.125,105.54166666666667,108.55,3.0,0.0,2.0,0.0,2.0,0.0
44,1.0,1.0,0.8833134759383606,0.9340984563377592,0.08,0.0,0.06818181818181818,0.13636363636363635,0.0,0.0,0.15909090909090912,0.13636363636363635,0.0,0.15909090909090912,0.0,0.11363636363636363,0.0,0.16,0.0,0.04,0.0,0.12,105.4,108.55,1.0,0.0,2.0,0.0,1.0,0.0
45,1.0,1.0,0.8789339157546552,0.9347638985058014,0.07692307692307693,0.0,0.06666666666666667,0.13333333333333333,0.0,0.0,0.15555555555555559,0.13333333333333333,0.0,0.15555555555555559,0.0,0.1111111111111111,0.0,0.15384615384615385,0.0,0.038461538461538464,0.0,0.11538461538461539,105.15384615384616,108.55,1.0,0.0,2.0,0.0,1.0,0.0
46,1.0,2.0,0.9071299443622134,0.9514592448532484,0.07692307692307693,0.0,0.06521739130434782,0.13043478260869565,0.0,0.0,0.1521739130434783,0.15217391304347827,0.0,0.1521739130434783,0.0,0.10869565217391304,0.0,0.15384615384615385,0.0,0.038461538461538464,0.0,0.11538461538461539,105.15384615384616,109.28571428571429,0.0,4.0,0.0,2.0,0.0,1.0
47,2.0,2.0,0.9347555702298255,0.9684782350701178,0.07692307692307693,0.0,0.06382978723404255,0.1276595744680851,0.0,0.0,0.17021276595744686,0.14893617021276595,0.02127659574468085,0.148936170212766,0.0,0.10638297872340426,0.0,0.15384615384615385,0.0,0.038461538461538464,0.0,0.11538461538461539,105.15384615384616,109.95454545454545,0.0,5.0,0.0,1.0,0.0,2.0
48,2.0,2.0,0.9482785277022129,0.9750603736599068,0.07692307692307693,0.0,0.06249999999999999,0.12499999999999999,0.0,0.0,0.18750000000000003,0.14583333333333334,0.020833333333333332,0.1458333333333334,0.0,0.10416666666666667,0.0,0.15384615384615385,0.0,0.038461538461538464,0.0,0.11538461538461539,105.15384615384616,109.1304347826087,0.0,2.0,0.0,2.0,0.0,2.0
49,2.0,2.0,0.982285042389489,0.9913289432546506,0.07692307692307693,0.0,0.06122448979591836,0.14285714285714285,0.0,0.0,0.18367346938775514,0.14285714285714285,0.02040816326530612,0.16326530612244905,0.0,0.12244897959183673,0.0,0.15384615384615385,0.0,0.038461538461538464,0.0,0.11538461538461539,105.15384615384616,109.70833333333333,0.0,5.0,0.0,2.0,0.0,2.0
50,2.0,2.0,1.077736719919777,1.0013893267795348,0.07692307692307693,0.0,0.05999999999999999,0.16,0.0,0.0,0.18000000000000005,0.14,0.04,0.16000000000000006,0.0,0.12,0.0,0.15384615384615385,0.0,0.038461538461538464,0.0,0.11538461538461539,105.15384615384616,109.36,0.0,3.0,0.0,2.0,0.0,2.0
51,1.0,1.0,1.0976518129726673,1.0014500082709077,0.07407407407407407,0.0,0.0588235294117647,0.1568627450980392,0.0,0.0,0.17647058823529416,0.13725490196078433,0.0392156862745098,0.1568627450980393,0.0,0.11764705882352941,0.0,0.14814814814814814,0.0,0.037037037037037035,0.0,0.1111111111111111,105.0,109.36,1.0,0.0,2.0,0.0,1.0,0.0
52,1.0,1.0,1.10330660858748,1.0032865545540555,0.07142857142857142,0.0,0.05769230769230768,0.15384615384615385,0.0,0.0,0.1730769230769231,0.13461538461538464,0.057692307692307696,0.1538461538461539,0.019230769230769232,0.11538461538461539,0.0,0.14285714285714285,0.0,0.03571428571428571,0.0,0.10714285714285714,104.64285714285714,109.36,3.0,0.0,1.0,0.0,2.0,0.0
53,2.0,1.0,1.1556965977009181,1.0011702894030068,0.06896551724137931,0.0,0.056603773584905655,0.1509433962264151,0.0,0.0,0.1886792452830189,0.13207547169811323,0.05660377358490566,0.15094339622641517,0.018867924528301886,0.11320754716981132,0.0,0.13793103448275862,0.0,0.034482758620689655,0.0,0.10344827586206896,105.17241379310344,109.36,2.0,0.0,2.0,0.0,2.0,0.0
54,2.0,1.0,1.1453751517902044,0.9973889499216506,0.06666666666666667,0.0,0.055555555555555546,0.14814814814814814,0.0,0.0,0.20370370370370375,0.12962962962962965,0.05555555555555555,0.14814814814814822,0.018518518518518517,0.1111111111111111,0.0,0.13333333333333333,0.0,0.03333333333333333,0.0,0.1,105.2,109.36,2.0,0.0,1.0,0.0,2.0,0.0
55,2.0,1.0,1.1142825213357475,0.989995307594943,0.06451612903225806,0.0,0.054545454545454536,0.14545454545454545,0.0,0.0,0.21818181818181823,0.1272727272727273,0.05454545454545454,0.14545454545454553,0.01818181818181818,0.10909090909090909,0.0,0.12903225806451613,0.0,0.03225806451612903,0.0,0.0967741935483871,105.16129032258064,109.36,5.0,0.0,1.0,0.0,2.0,0.0
56,1.0,1.0,1.0919986010666864,0.9900370522168528,0.0625,0.0,0.05357142857142856,0.14285714285714285,0.0,0.0,0.21428571428571433,0.14285714285714285,0.07142857142857142,0.14285714285714293,0.03571428571428571,0.10714285714285714,0.0,0.15625,0.0,0.03125,0.0,0.125,105.03125,109.36,4.0,0.0,2.0,0.0,2.0,0.0
57,2.0,1.0,1.088678337007431,0.9876455279201569,0.06060606060606061,0.0,0.05263157894736841,0.14035087719298245,0.0,0.0,0.22807017543859653,0.14035087719298245,0.07017543859649122,0.14035087719298253,0.03508771929824561,0.10526315789473684,0.0,0.15151515151515152,0.0,0.030303030303030304,0.0,0.12121212121212122,104.66666666666667,109.36,2.0,0.0,2.0,0.0,1.0,0.0
58,1.0,1.0,1.0758530241011421,0.9830898891628951,0.058823529411764705,0.0,0.051724137931034475,0.13793103448275862,0.0,0.0,0.2241379310344828,0.15517241379310345,0.06896551724137931,0.13793103448275867,0.034482758620689655,0.10344827586206896,0.0,0.17647058823529413,0.0,0.029411764705882353,0.0,0.14705882352941177,104.20588235294117,109.36,5.0,0.0,1.0,0.0,2.0,0.0
59,2.0,1.0,1.0746743690471046,0.9862789706791018,0.05714285714285714,0.0,0.050847457627118633,0.13559322033898305,0.0,0.0,0.22033898305084748,0.15254237288135594,0.0847457627118644,0.1355932203389831,0.03389830508474576,0.1016949152542373,0.0,0.17142857142857143,0.0,0.02857142857142857,0.0,0.14285714285714285,103.94285714285714,109.36,2.0,0.0,2.0,0.0,1.0,0.0
60,2.0,1.0,1.0673448464783404,0.9856942963248694,0.05555555555555555,0.0,0.049999999999999996,0.13333333333333333,0.0,0.0,0.2166666666666667,0.15,0.08333333333333333,0.1333333333333334,0.03333333333333333,0.1,0.0,0.19444444444444445,0.0,0.05555555555555555,0.0,0.1388888888888889,103.58333333333331,109.36,2.0,0.0,2.0,0.0,1.0,0.0
61,2.0,2.0,1.064236570647278,0.9862511334150933,0.05555555555555555,0.0,0.04918032786885245,0.14754098360655737,0.0,0.0,0.2131147540983607,0.14754098360655737,0.08196721311475409,0.14754098360655743,0.03278688524590164,0.11475409836065574,0.0,0.19444444444444445,0.0,0.05555555555555555,0.0,0.1388888888888889,103.58333333333331,109.65384615384616,0.0,3.0,0.0,1.0,0.0,2.0
62,2.0,2.0,1.0829149825529973,0.9921390972617058,0.05555555555555555,0.0,0.04838709677419354,0.16129032258064516,0.0,0.0,0.20967741935483875,0.14516129032258066,0.08064516129032258,0.1451612903225807,0.03225806451612903,0.11290322580645161,0.0,0.19444444444444445,0.0,0.05555555555555555,0.0,0.1388888888888889,103.58333333333331,109.55555555555556,0.0,4.0,0.0,2.0,0.0,1.0
63,2.0,2.0,1.1112025890194388,0.9918577303824285,0.05555555555555555,0.03571428571428571,0.04761904761904761,0.1746031746031746,0.0,0.0,0.20634920634920637,0.14285714285714285,0.07936507936507936,0.1428571428571429,0.031746031746031744,0.1111111111111111,0.0,0.19444444444444445,0.0,0.05555555555555555,0.0,0.1388888888888889,103.58333333333331,109.42857142857143,0.0,5.0,0.0,1.0,0.0,1.0
64,2.0,2.0,1.1101360420662796,0.9919737672829432,0.05555555555555555,0.06896551724137931,0.04687499999999999,0.1875,0.0,0.0,0.20312500000000003,0.140625,0.078125,0.14062500000000006,0.03125,0.109375,0.0,0.19444444444444445,0.0,0.05555555555555555,0.0,0.1388888888888889,103.58333333333331,109.6896551724138,0.0,4.0,0.0,2.0,0.0,0.0
65,2.0,1.0,1.0605306291112484,0.9791543815157823,0.05405405405405406,0.06896551724137931,0.04615384615384615,0.18461538461538463,0.0,0.0,0.20000000000000004,0.13846153846153847,0.07692307692307693,0.13846153846153852,0.03076923076923077,0.1076923076923077,0.0,0.1891891891891892,0.0,0.05405405405405406,0.0,0.13513513513513514,104.027027027027,109.6896551724138,4.0,0.0,2.0,0.0,2.0,0.0
66,1.0,1.0,0.9907806834808448,0.9655901414382957,0.05263157894736842,0.06896551724137931,0.04545454545454545,0.18181818181818182,0.0,0.0,0.196969696969697,0.15151515151515152,0.07575757575757576,0.1363636363636364,0.030303030303030304,0.10606060606060606,0.0,0.18421052631578946,0.0,0.05263157894736842,0.0,0.13157894736842105,104.42105263157892,109.6896551724138,4.0,0.0,2.0,0.0,2.0,0.0
67,2.0,1.0,0.9358095608624839,0.9570076585737254,0.05128205128205128,0.06896551724137931,0.044776119402985065,0.1791044776119403,0.0,0.0,0.20895522388059704,0.14925373134328357,0.07462686567164178,0.13432835820895528,0.029850746268656716,0.1044776119402985,0.0,0.1794871794871795,0.0,0.05128205128205128,0.0,0.1282051282051282,104.61538461538458,109.6896551724138,5.0,0.0,2.0,0.0,1.0,0.0
68,1.0,1.0,0.9249819840993897,0.9579240315508282,0.05,0.06896551724137931,0.044117647058823525,0.17647058823529413,0.0,0.0,0.2058823529411765,0.16176470588235295,0.07352941176470588,0.13235294117647065,0.029411764705882353,0.10294117647058823,0.0,0.175,0.0,0.05,0.0,0.125,104.34999999999995,109.6896551724138,5.0,0.0,2.0,0.0,1.0,0.0
69,2.0,1.0,0.8891649756353447,0.9574822276391001,0.04878048780487805,0.06896551724137931,0.04347826086956521,0.17391304347826086,0.0,0.0,0.2173913043478261,0.15942028985507245,0.07246376811594203,0.1304347826086957,0.028985507246376812,0.10144927536231885,0.0,0.17073170731707318,0.0,0.04878048780487805,0.0,0.12195121951219512,104.65853658536581,109.6896551724138,5.0,0.0,1.0,0.0,2.0,0.0
70,2.0,1.0,0.8787320078326719,0.9597181196355044,0.047619047619047616,0.06896551724137931,0.04285714285714285,0.17142857142857143,0.0,0.0,0.2142857142857143,0.1571428571428571,0.07142857142857142,0.12857142857142861,0.02857142857142857,0.1,0.0,0.19047619047619047,0.0,0.07142857142857142,0.0,0.11904761904761904,104.42857142857139,109.6896551724138,5.0,0.0,2.0,0.0,2.0,0.0
71,2.0,2.0,0.9001751629087134,0.9666054288189073,0.047619047619047616,0.06666666666666667,0.042253521126760556,0.18309859154929578,0.0,0.0,0.21126760563380284,0.15492957746478872,0.07042253521126761,0.12676056338028174,0.028169014084507043,0.09859154929577464,0.0,0.19047619047619047,0.0,0.07142857142857142,0.0,0.11904761904761904,104.42857142857139,110.1,0.0,2.0,0.0,2.0,0.0,2.0
72,1.0,2.0,0.9002677957651254,0.9696207406456518,0.047619047619047616,0.06451612903225806,0.04166666666666666,0.18055555555555555,0.0,0.0,0.20833333333333337,0.16666666666666666,0.06944444444444445,0.12500000000000006,0.027777777777777776,0.09722222222222221,0.0,0.19047619047619047,0.0,0.07142857142857142,0.0,0.11904761904761904,104.42857142857139,109.80645161290323,0.0,4.0,0.0,2.0,0.0,1.0
73,2.0,2.0,0.9041873224927002,0.9697146654687989,0.047619047619047616,0.0625,0.041095890410958895,0.1780821917808219,0.0,0.0,0.20547945205479456,0.1643835616438356,0.0684931506849315,0.12328767123287676,0.0273972602739726,0.0958904109589041,0.0,0.19047619047619047,0.0,0.07142857142857142,0.0,0.11904761904761904,104.42857142857139,110.28125,0.0,4.0,0.0,2.0,0.0,2.0
74,2.0,2.0,0.9098890350366893,0.970097256495863,0.047619047619047616,0.09090909090909091,0.04054054054054053,0.1891891891891892,0.0,0.0,0.20270270270270274,0.16216216216216217,0.06756756756756757,0.12162162162162167,0.02702702702702703,0.0945945945945946,0.0,0.19047619047619047,0.0,0.07142857142857142,0.0,0.11904761904761904,104.42857142857139,110.57575757575758,0.0,4.0,0.0,1.0,0.0,0.0
75,2.0,2.0,0.9240148284205811,0.9707134891358964,0.047619047619047616,0.08823529411764706,0.03999999999999999,0.18666666666666668,0.0,0.0,0.20000000000000004,0.16,0.06666666666666667,0.12000000000000005,0.02666666666666667,0.09333333333333334,0.0,0.19047619047619047,0.0,0.07142857142857142,0.0,0.11904761904761904,104.42857142857139,110.41176470588235,0.0,5.0,0.0,1.0,0.0,2.0
76,1.0,1.0,0.9146916803166811,0.9689973127629468,0.046511627906976744,0.08823529411764706,0.03947368421052631,0.18421052631578946,0.0,0.0,0.19736842105263164,0.15789473684210525,0.06578947368421052,0.118421052631579,0.02631578947368421,0.09210526315789473,0.0,0.18604651162790697,0.0,0.06976744186046512,0.0,0.11627906976744186,104.30232558139531,110.41176470588235,2.0,0.0,2.0,0.0,1.0,0.0
77,1.0,1.0,0.8890126480494608,0.9595098206151292,0.045454545454545456,0.08823529411764706,0.038961038961038946,0.18181818181818182,0.0,0.0,0.19480519480519484,0.15584415584415584,0.06493506493506493,0.11688311688311694,0.025974025974025976,0.09090909090909091,0.0,0.18181818181818182,0.0,0.06818181818181818,0.0,0.11363636363636363,104.43181818181814,110.41176470588235,4.0,0.0,2.0,0.0,2.0,0.0
78,2.0,1.0,0.8549311307082162,0.9446866445467578,0.044444444444444446,0.08823529411764706,0.03846153846153844,0.19230769230769232,0.0,0.0,0.19230769230769235,0.15384615384615385,0.0641025641025641,0.12820512820512825,0.02564102564102564,0.10256410256410256,0.0,0.17777777777777778,0.0,0.06666666666666667,0.0,0.1111111111111111,104.66666666666663,110.41176470588235,1.0,0.0,2.0,0.0,1.0,0.0
79,1.0,1.0,0.847741609320295,0.9455280122785036,0.043478260869565216,0.08823529411764706,0.03797468354430378,0.189873417721519,0.0,0.0,0.18987341772151903,0.16455696202531644,0.06329113924050633,0.1265822784810127,0.02531645569620253,0.10126582278481013,0.0,0.17391304347826086,0.0,0.06521739130434782,0.0,0.10869565217391304,104.4565217391304,110.41176470588235,5.0,0.0,2.0,0.0,2.0,0.0
80,2.0,1.0,0.8378715907316968,0.945529891521394,0.0425531914893617,0.08823529411764706,0.03749999999999998,0.2,0.0,0.0,0.18750000000000006,0.1625,0.0625,0.13750000000000004,0.025,0.1125,0.0,0.1702127659574468,0.0,0.06382978723404255,0.0,0.10638297872340426,104.21276595744676,110.41176470588235,4.0,0.0,2.0,0.0,1.0,0.0
81,2.0,1.0,0.826509683677496,0.943670821587474,0.041666666666666664,0.08823529411764706,0.037037037037037014,0.19753086419753085,0.0,0.0,0.1975308641975309,0.16049382716049382,0.06172839506172839,0.13580246913580252,0.024691358024691357,0.1111111111111111,0.0,0.16666666666666666,0.0,0.06249999999999999,0.0,0.10416666666666667,104.24999999999996,110.41176470588235,3.0,0.0,2.0,0.0,2.0,0.0
82,1.0,1.0,0.8040276422729518,0.9440285713037704,0.04081632653061224,0.08823529411764706,0.036585365853658514,0.1951219512195122,0.0,0.0,0.19512195121951223,0.15853658536585366,0.06097560975609756,0.13414634146341467,0.024390243902439025,0.10975609756097561,0.0,0.16326530612244897,0.0,0.06122448979591836,0.0,0.10204081632653061,104.73469387755098,110.41176470588235,4.0,0.0,2.0,0.0,1.0,0.0
83,1.0,1.0,0.8029532414230627,0.9441641124432176,0.039999999999999994,0.08823529411764706,0.03614457831325299,0.1927710843373494,0.0,0.0,0.19277108433734944,0.1686746987951807,0.060240963855421686,0.13253012048192775,0.024096385542168676,0.10843373493975904,0.0,0.15999999999999998,0.0,0.05999999999999999,0.0,0.1,104.55999999999996,110.41176470588235,3.0,0.0,2.0,0.0,1.0,0.0
84,2.0,2.0,0.8242509947685228,0.9483805078899713,0.039999999999999994,0.08571428571428572,0.03571428571428569,0.19047619047619047,0.0,0.0,0.2023809523809524,0.16666666666666666,0.05952380952380952,0.130952380952381,0.023809523809523808,0.10714285714285714,0.0,0.15999999999999998,0.0,0.05999999999999999,0.0,0.1,104.55999999999996,109.94285714285714,0.0,5.0,0.0,2.0,0.0,2.0
85,2.0,2.0,0.8510391308267955,0.948867181817358,0.039999999999999994,0.08333333333333333,0.0352941176470588,0.2,0.0,0.0,0.20000000000000004,0.16470588235294117,0.058823529411764705,0.1294117647058824,0.023529411764705882,0.10588235294117647,0.0,0.15999999999999998,0.0,0.05999999999999999,0.0,0.1,104.55999999999996,110.33333333333331,0.0,1.0,0.0,2.0,0.0,1.0
86,2.0,2.0,0.8933637421502523,0.9499355631018674,0.039999999999999994,0.08108108108108109,0.03488372093023254,0.19767441860465115,0.0,0.0,0.1976744186046512,0.16279069767441862,0.05813953488372093,0.12790697674418608,0.023255813953488372,0.10465116279069768,0.0,0.15999999999999998,0.0,0.05999999999999999,0.0,0.1,104.55999999999996,109.94594594594592,0.0,4.0,0.0,2.0,0.0,2.0
87,1.0,2.0,0.9244538615172859,0.9503141405538936,0.039999999999999994,0.07894736842105263,0.034482758620689634,0.19540229885057472,0.0,0.02631578947368421,0.19540229885057475,0.1724137931034483,0.05747126436781609,0.12643678160919544,0.022988505747126436,0.10344827586206896,0.0,0.15999999999999998,0.0,0.05999999999999999,0.0,0.1,104.55999999999996,109.94594594594592,0.0,4.0,0.0,2.0,0.0,0.0
88,2.0,2.0,0.9174651166465612,0.9497709091507369,0.039999999999999994,0.10256410256410256,0.03409090909090907,0.20454545454545456,0.0,0.02564102564102564,0.19318181818181823,0.17045454545454547,0.056818181818181816,0.12500000000000003,0.022727272727272728,0.10227272727272728,0.0,0.15999999999999998,0.0,0.05999999999999999,0.0,0.1,104.55999999999996,110.31578947368419,0.0,4.0,0.0,2.0,0.0,0.0
89,2.0,1.0,0.9386335651768761,0.9536498227190296,0.039215686274509796,0.10256410256410256,0.033707865168539304,0.21348314606741572,0.0,0.02564102564102564,0.19101123595505623,0.16853932584269665,0.056179775280898875,0.12359550561797755,0.02247191011235955,0.10112359550561797,0.0,0.15686274509803919,0.0,0.0588235294117647,0.0,0.09803921568627451,104.90196078431369,110.31578947368419,4.0,0.0,2.0,0.0,2.0,0.0
90,2.0,1.0,0.9136777201293307,0.9515148392149988,0.03846153846153845,0.10256410256410256,0.03333333333333331,0.2111111111111111,0.0,0.02564102564102564,0.18888888888888894,0.16666666666666669,0.05555555555555555,0.13333333333333336,0.022222222222222223,0.1111111111111111,0.0,0.1538461538461538,0.0,0.05769230769230768,0.0,0.09615384615384616,104.61538461538458,110.31578947368419,5.0,0.0,2.0,0.0,1.0,0.0
91,2.0,1.0,0.9107936262632371,0.9563664218137004,0.03773584905660376,0.10256410256410256,0.03296703296703295,0.21978021978021978,0.0,0.02564102564102564,0.18681318681318684,0.16483516483516486,0.054945054945054944,0.14285714285714288,0.02197802197802198,0.12087912087912088,0.0,0.15094339622641503,0.0,0.056603773584905655,0.0,0.09433962264150944,104.50943396226411,110.31578947368419,1.0,0.0,2.0,0.0,1.0,0.0
92,2.0,1.0,0.8987112665514452,0.956513733498144,0.03703703703703702,0.10256410256410256,0.03260869565217389,0.21739130434782608,0.0,0.02564102564102564,0.18478260869565222,0.1630434782608696,0.05434782608695652,0.14130434782608697,0.021739130434782608,0.11956521739130435,0.0,0.1666666666666666,0.0,0.07407407407407407,0.0,0.09259259259259259,104.88888888888886,110.31578947368419,5.0,0.0,2.0,0.0,1.0,0.0
93,2.0,2.0,0.897019759306211,0.9564108326156865,0.03703703703703702,0.125,0.03225806451612901,0.22580645161290322,0.0,0.025,0.18279569892473121,0.1612903225806452,0.053763440860215055,0.13978494623655915,0.021505376344086023,0.11827956989247312,0.0,0.1666666666666666,0.0,0.07407407407407407,0.0,0.09259259259259259,104.88888888888886,110.17948717948715,0.0,5.0,0.0,1.0,0.0,0.0
94,2.0,2.0,0.9015971400997683,0.9574584091783455,0.03703703703703702,0.14634146341463414,0.03191489361702125,0.23404255319148937,0.0,0.024390243902439025,0.18085106382978727,0.15957446808510645,0.05319148936170213,0.13829787234042554,0.02127659574468085,0.11702127659574468,0.0,0.1666666666666666,0.0,0.07407407407407407,0.0,0.09259259259259259,104.88888888888886,110.32499999999997,0.0,4.0,0.0,2.0,0.0,1.0
95,2.0,2.0,0.8990925376640898,0.9573440064269801,0.03703703703703702,0.14285714285714285,0.031578947368421026,0.24210526315789474,0.0,0.023809523809523808,0.17894736842105266,0.1578947368421053,0.05263157894736842,0.14736842105263157,0.021052631578947368,0.12631578947368421,0.0,0.1666666666666666,0.0,0.07407407407407407,0.0,0.09259259259259259,104.88888888888886,110.26829268292681,0.0,5.0,0.0,2.0,0.0,2.0
96,1.0,2.0,0.8998587513151219,0.9572388615219445,0.03703703703703702,0.13953488372093023,0.031249999999999972,0.23958333333333334,0.0,0.023255813953488372,0.17708333333333337,0.1666666666666667,0.052083333333333336,0.14583333333333331,0.020833333333333332,0.125,0.0,0.1666666666666666,0.0,0.07407407407407407,0.0,0.09259259259259259,104.88888888888886,110.09523809523807,0.0,4.0,0.0,2.0,0.0,2.0
97,1.0,2.0,0.9517849398449015,0.9582604532804114,0.03703703703703702,0.13636363636363635,0.030927835051546365,0.23711340206185566,0.0,0.022727272727272728,0.17525773195876293,0.16494845360824745,0.05154639175257732,0.15463917525773194,0.020618556701030927,0.12371134020618557,0.0,0.1666666666666666,0.0,0.07407407407407407,0.0,0.09259259259259259,104.88888888888886,109.99999999999999,0.0,3.0,0.0,2.0,0.0,2.0
98,2.0,2.0,1.036163613566398,0.9561871204042836,0.03703703703703702,0.13333333333333333,0.030612244897959155,0.23469387755102042,0.0,0.022222222222222223,0.17346938775510207,0.16326530612244902,0.05102040816326531,0.1530612244897959,0.02040816326530612,0.12244897959183673,0.0,0.1666666666666666,0.0,0.07407407407407407,0.0,0.09259259259259259,104.88888888888886,110.27272727272725,0.0,1.0,0.0,1.0,0.0,2.0
99,1.0,1.0,1.0308926914426784,0.9560852241617575,0.03636363636363635,0.13333333333333333,0.030303030303030276,0.23232323232323232,0.0,0.022222222222222223,0.17171717171717174,0.16161616161616166,0.050505050505050504,0.1515151515151515,0.0202020202020202,0.12121212121212122,0.0,0.16363636363636358,0.0,0.07272727272727272,0.0,0.09090909090909091,105.25454545454542,110.27272727272725,4.0,0.0,1.0,0.0,2.0,0.0
100,1.0,1.0,1.0344697955524684,0.9559940275525792,0.053571428571428555,0.13333333333333333,0.03999999999999997,0.23,0.0,0.022222222222222223,0.17000000000000004,0.16000000000000003,0.05,0.15,0.019999999999999997,0.12,0.0,0.16071428571428564,0.0,0.07142857142857142,0.0,0.08928571428571429,105.48214285714282,110.27272727272725,5.0,0.0,1.0,0.0,0.0,0.0
101,1.0,1.0,1.053596083845862,0.9563971680949545,0.052631578947368404,0.13333333333333333,0.03960396039603958,0.22772277227722773,0.0,0.022222222222222223,0.16831683168316836,0.15841584158415845,0.04950495049504951,0.1485148514851485,0.0198019801980198,0.1188118811881188,0.0,0.1578947368421052,0.0,0.07017543859649122,0.0,0.08771929824561403,105.82456140350874,110.27272727272725,4.0,0.0,2.0,0.0,1.0,0.0
102,1.0,1.0,1.049872014748599,0.9577280948385881,0.05172413793103447,0.13333333333333333,0.039215686274509776,0.22549019607843138,0.0,0.022222222222222223,0.1666666666666667,0.1666666666666667,0.049019607843137254,0.14705882352941177,0.019607843137254898,0.11764705882352941,0.0,0.1551724137931034,0.0,0.06896551724137931,0.0,0.08620689655172414,105.62068965517238,110.27272727272725,3.0,0.0,2.0,0.0,2.0,0.0
103,2.0,2.0,1.055002447605394,0.9590133962546346,0.05172413793103447,0.13043478260869565,0.038834951456310655,0.23300970873786409,0.0,0.021739130434782608,0.16504854368932043,0.16504854368932043,0.04854368932038835,0.1553398058252427,0.019417475728155335,0.1262135922330097,0.0,0.1551724137931034,0.0,0.06896551724137931,0.0,0.08620689655172414,105.62068965517238,110.19999999999997,0.0,5.0,0.0,2.0,0.0,2.0
104,2.0,2.0,1.038553158545116,0.9597855745348335,0.05172413793103447,0.14893617021276595,0.038461538461538436,0.2403846153846154,0.0,0.02127659574468085,0.1634615384615385,0.1634615384615385,0.04807692307692308,0.15384615384615383,0.019230769230769225,0.125,0.0,0.1551724137931034,0.0,0.06896551724137931,0.0,0.08620689655172414,105.62068965517238,110.36956521739128,0.0,4.0,0.0,2.0,0.0,1.0
105,1.0,2.0,1.0495860549147258,0.9607845716691217,0.05172413793103447,0.14583333333333334,0.03809523809523807,0.23809523809523808,0.0,0.020833333333333332,0.16190476190476194,0.16190476190476194,0.047619047619047616,0.15238095238095237,0.019047619047619042,0.12380952380952381,0.0,0.1551724137931034,0.0,0.06896551724137931,0.0,0.08620689655172414,105.62068965517238,109.9787234042553,0.0,3.0,0.0,2.0,0.0,1.0
106,2.0,2.0,1.0426295427056345,0.9608063525225399,0.05172413793103447,0.16326530612244897,0.03773584905660375,0.24528301886792453,0.0,0.02040816326530612,0.16037735849056606,0.16037735849056606,0.04716981132075472,0.1509433962264151,0.018867924528301883,0.12264150943396226,0.0,0.1551724137931034,0.0,0.06896551724137931,0.0,0.08620689655172414,105.62068965517238,110.14583333333331,0.0,4.0,0.0,1.0,0.0,0.0
107,2.0,2.0,1.0453406439753932,0.9616490442478948,0.05172413793103447,0.18,0.037383177570093434,0.2523364485981308,0.0,0.019999999999999997,0.15887850467289724,0.15887850467289724,0.04672897196261682,0.14953271028037382,0.018691588785046724,0.12149532710280374,0.0,0.1551724137931034,0.0,0.06896551724137931,0.0,0.08620689655172414,105.62068965517238,110.20408163265304,0.0,5.0,0.0,1.0,0.0,1.0
108,1.0,1.0,1.0471570956037684,0.9621549130377375,0.05084745762711863,0.18,0.037037037037037014,0.24999999999999997,0.0,0.019999999999999997,0.15740740740740744,0.1666666666666667,0.046296296296296294,0.14814814814814814,0.018518518518518514,0.12037037037037036,0.0,0.15254237288135586,0.0,0.06779661016949153,0.0,0.0847457627118644,105.6101694915254,110.20408163265304,2.0,0.0,1.0,0.0,2.0,0.0
109,1.0,1.0,1.042621379940651,0.9638350916313795,0.04999999999999998,0.18,0.03669724770642199,0.24770642201834858,0.0,0.019999999999999997,0.15596330275229361,0.17431192660550462,0.045871559633027525,0.14678899082568808,0.018348623853211007,0.11926605504587157,0.0,0.14999999999999994,0.0,0.06666666666666667,0.0,0.08333333333333333,105.29999999999997,110.20408163265304,3.0,0.0,2.0,0.0,2.0,0.0
110,2.0,1.0,1.0597811261413044,0.9638387130801201,0.049180327868852444,0.18,0.03636363636363634,0.24545454545454543,0.0,0.019999999999999997,0.15454545454545457,0.17272727272727276,0.045454545454545456,0.14545454545454545,0.01818181818181818,0.11818181818181818,0.0,0.14754098360655732,0.0,0.06557377049180328,0.0,0.08196721311475409,105.19672131147539,110.20408163265304,2.0,0.0,2.0,0.0,2.0,0.0
111,1.0,1.0,1.0318487289727436,0.9637951590551811,0.06451612903225805,0.18,0.04504504504504502,0.2432432432432432,0.0,0.019999999999999997,0.1531531531531532,0.1711711711711712,0.04504504504504504,0.14414414414414414,0.018018018018018018,0.11711711711711711,0.0,0.1451612903225806,0.0,0.06451612903225806,0.0,0.08064516129032258,105.54838709677416,110.20408163265304,4.0,0.0,1.0,0.0,0.0,0.0
112,1.0,1.0,0.9846833013435705,0.9594857484606336,0.06349206349206347,0.18,0.05357142857142855,0.24107142857142855,0.0,0.019999999999999997,0.15178571428571433,0.16964285714285718,0.044642857142857144,0.14285714285714285,0.017857142857142856,0.11607142857142858,0.0,0.1428571428571428,0.0,0.06349206349206349,0.0,0.07936507936507936,105.88888888888886,110.20408163265304,4.0,0.0,2.0,0.0,2.0,0.0
113,2.0,2.0,1.0064215242143237,0.9617853514776669,0.06349206349206347,0.17647058823529413,0.05309734513274334,0.247787610619469,0.0,0.019607843137254898,0.15044247787610623,0.16814159292035402,0.04424778761061947,0.1415929203539823,0.017699115044247787,0.11504424778761062,0.0,0.1428571428571428,0.0,0.06349206349206349,0.0,0.07936507936507936,105.88888888888886,110.17999999999998,0.0,5.0,0.0,1.0,0.0,1.0
114,2.0,2.0,0.998465178479581,0.961913984782762,0.06349206349206347,0.17307692307692307,0.0526315789473684,0.25438596491228066,0.0,0.019230769230769225,0.14912280701754388,0.16666666666666669,0.043859649122807015,0.14912280701754385,0.017543859649122806,0.12280701754385964,0.0,0.1428571428571428,0.0,0.06349206349206349,0.0,0.07936507936507936,105.88888888888886,110.45098039215685,0.0,3.0,0.0,2.0,0.0,0.0
115,1.0,2.0,0.9975552003581507,0.9623591138579004,0.06349206349206347,0.16981132075471697,0.05217391304347824,0.25217391304347825,0.0,0.01886792452830188,0.14782608695652177,0.1739130434782609,0.043478260869565216,0.14782608695652175,0.017391304347826087,0.12173913043478261,0.0,0.1428571428571428,0.0,0.06349206349206349,0.0,0.07936507936507936,105.88888888888886,110.09615384615383,0.0,2.0,0.0,2.0,0.0,2.0
116,2.0,2.0,1.0026371974899653,0.9627027941273018,0.06349206349206347,0.16666666666666666,0.05172413793103446,0.25862068965517243,0.0,0.01851851851851851,0.14655172413793108,0.17241379310344832,0.04310344827586207,0.15517241379310345,0.017241379310344827,0.12931034482758622,0.0,0.1428571428571428,0.0,0.06349206349206349,0.0,0.07936507936507936,105.88888888888886,110.32075471698111,0.0,5.0,0.0,2.0,0.0,0.0
117,1.0,2.0,0.9775895429636728,0.9606180828733036,0.06349206349206347,0.16363636363636364,0.05128205128205126,0.25641025641025644,0.0,0.018181818181818174,0.14529914529914534,0.17094017094017097,0.042735042735042736,0.15384615384615385,0.017094017094017096,0.12820512820512822,0.0,0.1428571428571428,0.0,0.06349206349206349,0.0,0.07936507936507936,105.88888888888886,110.40740740740739,0.0,3.0,0.0,2.0,0.0,1.0
118,2.0,2.0,0.9815939096077843,0.9593423864052608,0.06349206349206347,0.16071428571428573,0.05084745762711862,0.25423728813559326,0.0,0.01785714285714285,0.15254237288135597,0.16949152542372883,0.0423728813559322,0.15254237288135594,0.01694915254237288,0.12711864406779663,0.0,0.1428571428571428,0.0,0.06349206349206349,0.0,0.07936507936507936,105.88888888888886,110.54545454545453,0.0,4.0,0.0,1.0,0.0,2.0
119,1.0,1.0,0.9899989118816106,0.9605584194325634,0.062499999999999986,0.16071428571428573,0.05042016806722687,0.2521008403361345,0.0,0.01785714285714285,0.1512605042016807,0.17647058823529416,0.04201680672268908,0.15126050420168066,0.01680672268907563,0.12605042016806725,0.0,0.14062499999999994,0.0,0.0625,0.0,0.078125,105.99999999999997,110.54545454545453,3.0,0.0,2.0,0.0,1.0,0.0
120,1.0,1.0,0.9886024518612352,0.9603034637401232,0.07692307692307691,0.16071428571428573,0.05833333333333331,0.25000000000000006,0.0,0.01785714285714285,0.15000000000000002,0.17500000000000002,0.041666666666666664,0.15,0.016666666666666666,0.12500000000000003,0.0,0.1384615384615384,0.0,0.06153846153846154,0.0,0.07692307692307693,106.3230769230769,110.54545454545453,4.0,0.0,1.0,0.0,0.0,0.0
121,1.0,1.0,0.9688477428952922,0.9581342928678033,0.07575757575757575,0.16071428571428573,0.05785123966942147,0.24793388429752072,0.0,0.01785714285714285,0.14876033057851243,0.1735537190082645,0.04132231404958678,0.1487603305785124,0.01652892561983471,0.12396694214876036,0.0,0.1363636363636363,0.0,0.06060606060606061,0.0,0.07575757575757576,106.65151515151513,110.54545454545453,2.0,0.0,1.0,0.0,2.0,0.0
122,1.0,1.0,0.9587195001885606,0.9578516928807216,0.07462686567164178,0.16071428571428573,0.05737704918032785,0.24590163934426235,0.0,0.01785714285714285,0.1475409836065574,0.18032786885245905,0.040983606557377046,0.14754098360655737,0.01639344262295082,0.12295081967213117,0.0,0.13432835820895517,0.0,0.05970149253731343,0.0,0.07462686567164178,106.52238805970147,110.54545454545453,3.0,0.0,2.0,0.0,1.0,0.0
123,2.0,2.0,0.9613824903764968,0.9592998104064494,0.07462686567164178,0.15789473684210525,0.05691056910569103,0.2439024390243903,0.0,0.0175438596491228,0.14634146341463417,0.1788617886178862,0.04065040650406504,0.14634146341463414,0.016260162601626018,0.12195121951219515,0.0,0.13432835820895517,0.0,0.05970149253731343,0.0,0.07462686567164178,106.52238805970147,110.53571428571426,0.0,5.0,0.0,1.0,0.0,1.0
124,2.0,2.0,0.9580040504730563,0.959566560731911,0.07462686567164178,0.15517241379310345,0.056451612903225784,0.25000000000000006,0.0,0.01724137931034482,0.14516129032258068,0.17741935483870971,0.04032258064516129,0.1532258064516129,0.016129032258064516,0.12903225806451615,0.0,0.13432835820895517,0.0,0.05970149253731343,0.0,0.07462686567164178,106.52238805970147,110.66666666666666,0.0,4.0,0.0,2.0,0.0,2.0
125,2.0,2.0,0.9498899269322928,0.959409204789383,0.07462686567164178,0.15254237288135594,0.05599999999999998,0.25600000000000006,0.0,0.016949152542372874,0.14400000000000002,0.17600000000000002,0.04,0.16,0.016,0.13600000000000004,0.0,0.13432835820895517,0.0,0.05970149253731343,0.0,0.07462686567164178,106.52238805970147,110.86206896551722,0.0,1.0,0.0,2.0,0.0,2.0
126,2.0,2.0,0.9512256144318361,0.9595963243718825,0.07462686567164178,0.16666666666666666,0.05555555555555553,0.261904761904762,0.0,0.01666666666666666,0.14285714285714288,0.17460317460317462,0.03968253968253968,0.15873015873015872,0.015873015873015872,0.13492063492063494,0.0,0.13432835820895517,0.0,0.05970149253731343,0.0,0.07462686567164178,106.52238805970147,111.08474576271185,0.0,5.0,0.0,1.0,0.0,0.0
127,1.0,1.0,0.9356016577672714,0.9581186182853784,0.07352941176470588,0.16666666666666666,0.05511811023622045,0.2598425196850394,0.0,0.01666666666666666,0.14173228346456695,0.17322834645669294,0.03937007874015748,0.15748031496062992,0.015748031496062992,0.13385826771653547,0.0,0.13235294117647053,0.0,0.058823529411764705,0.0,0.07352941176470588,106.41176470588232,111.08474576271185,2.0,0.0,2.0,0.0,2.0,0.0
128,2.0,1.0,0.9286380959788416,0.9576606603269897,0.07246376811594203,0.16666666666666666,0.05468749999999998,0.25781250000000006,0.0,0.01666666666666666,0.14843750000000003,0.17187500000000003,0.0390625,0.15625,0.015625,0.13281250000000003,0.0,0.1304347826086956,0.0,0.057971014492753624,0.0,0.07246376811594203,106.24637681159417,111.08474576271185,5.0,0.0,1.0,0.0,2.0,0.0
129,1.0,1.0,0.9150173495665606,0.9573758598914351,0.07142857142857142,0.16666666666666666,0.05426356589147285,0.25581395348837216,0.0,0.01666666666666666,0.1472868217054264,0.17054263565891475,0.03875968992248062,0.15503875968992248,0.015503875968992248,0.13178294573643415,0.0,0.12857142857142853,0.0,0.05714285714285714,0.0,0.07142857142857142,106.59999999999998,111.08474576271185,4.0,0.0,1.0,0.0,2.0,0.0
130,1.0,1.0,0.9085679667152673,0.9564726621341677,0.07042253521126761,0.16666666666666666,0.06153846153846152,0.2538461538461539,0.0,0.01666666666666666,0.1461538461538462,0.16923076923076927,0.038461538461538464,0.15384615384615385,0.015384615384615385,0.1307692307692308,0.0,0.12676056338028163,0.0,0.056338028169014086,0.0,0.07042253521126761,106.59999999999998,111.08474576271185,3.0,0.0,2.0,0.0,2.0,0.0
131,1.0,1.0,0.9138545506384484,0.9570224573915579,0.06944444444444445,0.16666666666666666,0.06106870229007631,0.2519083969465649,0.0,0.01666666666666666,0.14503816793893132,0.16793893129770995,0.03816793893129771,0.15267175572519084,0.015267175572519083,0.12977099236641224,0.0,0.12499999999999994,0.0,0.05555555555555555,0.0,0.06944444444444445,106.94366197183096,111.08474576271185,4.0,0.0,1.0,0.0,2.0,0.0
132,2.0,2.0,0.9615218635513559,0.9597467468472813,0.06944444444444445,0.16393442622950818,0.06060606060606059,0.25000000000000006,0.0,0.016393442622950814,0.14393939393939398,0.16666666666666669,0.03787878787878788,0.1590909090909091,0.015151515151515152,0.13636363636363638,0.0,0.12499999999999994,0.0,0.05555555555555555,0.0,0.06944444444444445,106.94366197183096,111.31666666666665,0.0,4.0,0.0,2.0,0.0,2.0
133,1.0,2.0,0.9549040004124398,0.9608984403857261,0.06944444444444445,0.16129032258064516,0.06015037593984961,0.24812030075187974,0.0,0.016129032258064512,0.14285714285714288,0.1729323308270677,0.03759398496240601,0.15789473684210525,0.015037593984962405,0.13533834586466167,0.0,0.12499999999999994,0.0,0.05555555555555555,0.0,0.06944444444444445,106.94366197183096,111.0655737704918,0.0,2.0,0.0,2.0,0.0,1.0
134,2.0,2.0,0.9528620779317204,0.9607715825834474,0.06944444444444445,0.1746031746031746,0.05970149253731341,0.25373134328358216,0.0,0.01587301587301587,0.14179104477611942,0.17164179104477614,0.03731343283582089,0.15671641791044777,0.014925373134328358,0.13432835820895525,0.0,0.12499999999999994,0.0,0.05555555555555555,0.0,0.06944444444444445,106.94366197183096,111.20967741935482,0.0,4.0,0.0,2.0,0.0,0.0
135,2.0,2.0,0.9535981504553857,0.9613447471993746,0.06944444444444445,0.171875,0.05925925925925924,0.2592592592592593,0.0,0.015624999999999997,0.14074074074074078,0.1703703703703704,0.037037037037037035,0.16296296296296298,0.014814814814814815,0.14074074074074078,0.0,0.12499999999999994,0.0,0.05555555555555555,0.0,0.06944444444444445,106.94366197183096,110.77777777777776,0.0,3.0,0.0,2.0,0.0,2.0
136,2.0,2.0,0.9547218481389602,0.9616454683987379,0.06944444444444445,0.16923076923076924,0.058823529411764684,0.26470588235294124,0.0,0.015384615384615382,0.1397058823529412,0.16911764705882357,0.04411764705882353,0.16176470588235295,0.014705882352941176,0.1397058823529412,0.0,0.12499999999999994,0.0,0.05555555555555555,0.0,0.06944444444444445,106.94366197183096,110.37499999999999,0.0,4.0,0.0,2.0,0.0,1.0
137,1.0,1.0,0.9745668770449267,0.9623794938175898,0.0684931506849315,0.16923076923076924,0.05839416058394158,0.2627737226277373,0.0,0.015384615384615382,0.13868613138686134,0.16788321167883213,0.043795620437956206,0.16058394160583941,0.014598540145985401,0.13868613138686134,0.0,0.12328767123287666,0.0,0.0547945205479452,0.0,0.0684931506849315,107.2222222222222,110.37499999999999,1.0,0.0,1.0,0.0,2.0,0.0
138,1.0,1.0,0.9735026663789607,0.9610667483477034,0.06756756756756757,0.16923076923076924,0.057971014492753596,0.26086956521739135,0.0,0.015384615384615382,0.13768115942028988,0.16666666666666669,0.043478260869565216,0.15942028985507245,0.014492753623188406,0.13768115942028988,0.0,0.12162162162162157,0.0,0.05405405405405406,0.0,0.06756756756756757,107.45205479452052,110.37499999999999,3.0,0.0,1.0,0.0,2.0,0.0
139,1.0,1.0,0.9647625001628002,0.9610408925267021,0.06666666666666667,0.16923076923076924,0.05755395683453235,0.25899280575539574,0.0,0.015384615384615382,0.13669064748201443,0.1654676258992806,0.04316546762589928,0.15827338129496402,0.014388489208633094,0.13669064748201443,0.0,0.11999999999999995,0.0,0.05333333333333334,0.0,0.06666666666666667,107.35135135135133,110.37499999999999,4.0,0.0,2.0,0.0,2.0,0.0
140,1.0,1.0,0.9655053017452199,0.9609132237821257,0.06578947368421052,0.16923076923076924,0.05714285714285712,0.2571428571428572,0.0,0.015384615384615382,0.13571428571428576,0.1642857142857143,0.04285714285714286,0.15714285714285714,0.014285714285714285,0.13571428571428576,0.0,0.1184210526315789,0.0,0.05263157894736842,0.0,0.06578947368421052,107.5333333333333,110.37499999999999,1.0,0.0,2.0,0.0,2.0,0.0
141,2.0,2.0,1.0091756407622074,0.9637545751406098,0.06578947368421052,0.16666666666666666,0.05673758865248225,0.25531914893617025,0.0,0.015151515151515148,0.1418439716312057,0.16312056737588654,0.0425531914893617,0.15602836879432624,0.014184397163120567,0.13475177304964545,0.0,0.1184210526315789,0.0,0.05263157894736842,0.0,0.06578947368421052,107.5333333333333,110.19999999999999,0.0,5.0,0.0,2.0,0.0,2.0
142,2.0,2.0,1.0414584413560088,0.9675224015474377,0.06578947368421052,0.16417910447761194,0.05633802816901406,0.25352112676056343,0.0,0.014925373134328354,0.14788732394366202,0.16197183098591553,0.04225352112676056,0.15492957746478872,0.014084507042253521,0.1338028169014085,0.0,0.1184210526315789,0.0,0.05263157894736842,0.0,0.06578947368421052,107.5333333333333,110.3181818181818,0.0,4.0,0.0,2.0,0.0,1.0
143,2.0,2.0,1.0362221138491228,0.968156971209074,0.06578947368421052,0.16176470588235295,0.055944055944055916,0.2517482517482518,0.0,0.014705882352941173,0.15384615384615388,0.16083916083916086,0.04195804195804196,0.15384615384615385,0.013986013986013986,0.13286713286713292,0.0,0.1184210526315789,0.0,0.05263157894736842,0.0,0.06578947368421052,107.5333333333333,109.955223880597,0.0,4.0,0.0,2.0,0.0,1.0
144,2.0,2.0,1.0331648155159383,0.9680207145572015,0.06578947368421052,0.15942028985507245,0.05555555555555553,0.2569444444444444,0.0,0.014492753623188403,0.1527777777777778,0.15972222222222224,0.041666666666666664,0.1597222222222222,0.013888888888888888,0.13888888888888895,0.0,0.1184210526315789,0.0,0.05263157894736842,0.0,0.06578947368421052,107.5333333333333,109.70588235294116,0.0,3.0,0.0,2.0,0.0,0.0
145,1.0,1.0,1.023346882586572,0.9668848772049127,0.06493506493506493,0.15942028985507245,0.05517241379310343,0.25517241379310346,0.0,0.014492753623188403,0.15172413793103448,0.15862068965517243,0.041379310344827586,0.15862068965517243,0.013793103448275862,0.13793103448275867,0.0,0.11688311688311684,0.0,0.05194805194805195,0.0,0.06493506493506493,107.4473684210526,109.70588235294116,1.0,0.0,2.0,0.0,2.0,0.0
146,1.0,1.0,1.0060097496189169,0.9651512245028444,0.0641025641025641,0.15942028985507245,0.05479452054794518,0.2534246575342466,0.0,0.014492753623188403,0.1506849315068493,0.15753424657534246,0.0410958904109589,0.15753424657534246,0.0136986301369863,0.13698630136986306,0.0,0.11538461538461534,0.0,0.05128205128205128,0.0,0.0641025641025641,107.67532467532465,109.70588235294116,4.0,0.0,2.0,0.0,1.0,0.0
147,2.0,1.0,1.0234414885032272,0.9652712034279056,0.06329113924050633,0.15942028985507245,0.05442176870748297,0.2585034013605442,0.0,0.014492753623188403,0.14965986394557823,0.1564625850340136,0.04081632653061224,0.1564625850340136,0.013605442176870748,0.13605442176870752,0.0,0.11392405063291135,0.0,0.05063291139240506,0.0,0.06329113924050633,107.53846153846152,109.70588235294116,1.0,0.0,2.0,0.0,1.0,0.0
148,1.0,1.0,1.0266150951285786,0.9647789516168765,0.0625,0.15942028985507245,0.05405405405405403,0.25675675675675674,0.0,0.014492753623188403,0.14864864864864866,0.1554054054054054,0.040540540540540536,0.1554054054054054,0.013513513513513514,0.13513513513513517,0.0,0.11249999999999996,0.0,0.05,0.0,0.0625,107.55696202531644,109.70588235294116,2.0,0.0,2.0,0.0,2.0,0.0
149,2.0,1.0,1.0267150223755248,0.9645282799603441,0.06172839506172839,0.15942028985507245,0.05369127516778521,0.2550335570469799,0.0,0.014492753623188403,0.15436241610738255,0.15436241610738255,0.040268456375838924,0.15436241610738255,0.013422818791946308,0.13422818791946312,0.0,0.11111111111111106,0.0,0.04938271604938271,0.0,0.06172839506172839,107.36249999999998,109.70588235294116,4.0,0.0,2.0,0.0,2.0,0.0
150,2.0,1.0,1.0071444035505508,0.9617802482976388,0.06097560975609756,0.15942028985507245,0.05333333333333331,0.25333333333333335,0.0,0.014492753623188403,0.16,0.15333333333333332,0.04,0.15333333333333332,0.013333333333333334,0.13333333333333336,0.0,0.10975609756097557,0.0,0.04878048780487805,0.0,0.06097560975609756,107.56790123456788,109.70588235294116,4.0,0.0,1.0,0.0,2.0,0.0
151,1.0,1.0,0.9701789264413521,0.9586070669693214,0.060240963855421686,0.15942028985507245,0.059602649006622495,0.25165562913907286,0.0,0.014492753623188403,0.15894039735099338,0.152317880794702,0.039735099337748346,0.152317880794702,0.013245033112582781,0.13245033112582782,0.0,0.108433734939759,0.0,0.04819277108433735,0.0,0.060240963855421686,107.41463414634144,109.70588235294116,2.0,0.0,2.0,0.0,1.0,0.0
152,2.0,1.0,0.9089863360156835,0.9529537458698931,0.05952380952380952,0.15942028985507245,0.05921052631578945,0.25,0.0,0.014492753623188403,0.15789473684210525,0.1513157894736842,0.039473684210526314,0.1513157894736842,0.013157894736842105,0.13157894736842105,0.0,0.1071428571428571,0.0,0.047619047619047616,0.0,0.05952380952380952,107.56626506024094,109.70588235294116,4.0,0.0,2.0,0.0,1.0,0.0
153,1.0,1.0,0.9007111718106985,0.9530233787482226,0.07058823529411765,0.15942028985507245,0.06535947712418298,0.24836601307189543,0.0,0.014492753623188403,0.1568627450980392,0.1503267973856209,0.0392156862745098,0.1503267973856209,0.013071895424836602,0.13071895424836602,0.0,0.10588235294117643,0.0,0.047058823529411764,0.0,0.058823529411764705,107.84523809523807,109.70588235294116,4.0,0.0,1.0,0.0,0.0,0.0
154,1.0,1.0,0.9264981363820719,0.9559975978270147,0.06976744186046512,0.15942028985507245,0.06493506493506492,0.24675324675324675,0.0,0.014492753623188403,0.15584415584415584,0.15584415584415584,0.03896103896103896,0.15584415584415584,0.012987012987012988,0.12987012987012986,0.0,0.10465116279069764,0.0,0.046511627906976744,0.0,0.05813953488372093,108.12941176470586,109.70588235294116,4.0,0.0,1.0,0.0,1.0,0.0
155,2.0,2.0,0.9492848539596522,0.9597379742146509,0.06976744186046512,0.1571428571428571,0.06451612903225803,0.24516129032258063,0.0,0.014285714285714282,0.15483870967741936,0.15483870967741936,0.03870967741935484,0.16129032258064516,0.012903225806451613,0.13548387096774192,0.0,0.10465116279069764,0.0,0.046511627906976744,0.0,0.05813953488372093,108.12941176470586,109.89855072463767,0.0,4.0,0.0,1.0,0.0,2.0
156,1.0,1.0,0.9435322629506219,0.9595511989765703,0.06896551724137931,0.1571428571428571,0.06410256410256407,0.24358974358974358,0.0,0.014285714285714282,0.15384615384615385,0.15384615384615385,0.038461538461538464,0.16025641025641027,0.01282051282051282,0.13461538461538458,0.0,0.10344827586206892,0.0,0.04597701149425287,0.0,0.05747126436781609,108.3488372093023,109.89855072463767,5.0,0.0,1.0,0.0,2.0,0.0
157,2.0,1.0,0.9341633883548972,0.9589323494291291,0.06818181818181818,0.1571428571428571,0.06369426751592354,0.24203821656050956,0.0,0.014285714285714282,0.1592356687898089,0.15286624203821655,0.03821656050955414,0.15923566878980894,0.012738853503184714,0.13375796178343943,0.0,0.10227272727272724,0.0,0.045454545454545456,0.0,0.056818181818181816,108.21839080459768,109.89855072463767,2.0,0.0,2.0,0.0,1.0,0.0
158,2.0,2.0,0.9370350731005256,0.9579565830765561,0.06818181818181818,0.15492957746478872,0.0632911392405063,0.24050632911392406,0.0,0.014084507042253518,0.16455696202531644,0.1518987341772152,0.0379746835443038,0.15822784810126583,0.012658227848101266,0.13291139240506322,0.0,0.10227272727272724,0.0,0.045454545454545456,0.0,0.056818181818181816,108.21839080459768,109.35714285714285,0.0,1.0,0.0,2.0,0.0,1.0
159,1.0,2.0,0.9626379195707497,0.9612620443431421,0.06818181818181818,0.1527777777777778,0.06289308176100626,0.2389937106918239,0.0,0.013888888888888886,0.16352201257861634,0.15723270440251572,0.03773584905660377,0.15723270440251572,0.012578616352201259,0.13207547169811315,0.0,0.10227272727272724,0.0,0.045454545454545456,0.0,0.056818181818181816,108.21839080459768,108.98591549295773,0.0,2.0,0.0,1.0,0.0,2.0
160,1.0,1.0,0.9659953012860522,0.9616210759098116,0.06741573033707865,0.1527777777777778,0.06249999999999998,0.2375,0.0,0.013888888888888886,0.1625,0.1625,0.0375,0.15625,0.0125,0.13124999999999992,0.0,0.10112359550561793,0.0,0.0449438202247191,0.0,0.056179775280898875,108.03409090909089,108.98591549295773,3.0,0.0,2.0,0.0,2.0,0.0
161,1.0,1.0,0.9477735981104053,0.9615370854855656,0.06666666666666667,0.1527777777777778,0.0683229813664596,0.2360248447204969,0.0,0.013888888888888886,0.16149068322981366,0.16149068322981366,0.037267080745341616,0.15527950310559005,0.012422360248447204,0.13043478260869557,0.0,0.09999999999999996,0.0,0.044444444444444446,0.0,0.05555555555555555,107.88764044943818,108.98591549295773,2.0,0.0,2.0,0.0,1.0,0.0
162,1.0,2.0,0.923068282077508,0.9614827212772189,0.06666666666666667,0.1506849315068493,0.07407407407407406,0.2345679012345679,0.0,0.013698630136986299,0.16049382716049382,0.16049382716049382,0.037037037037037035,0.16049382716049382,0.012345679012345678,0.12962962962962954,0.0,0.09999999999999996,0.0,0.044444444444444446,0.0,0.05555555555555555,107.88764044943818,109.13888888888887,0.0,4.0,0.0,2.0,0.0,2.0
163,2.0,2.0,0.9395569599157413,0.9641028064024841,0.06666666666666667,0.14864864864864866,0.07361963190184047,0.2331288343558282,0.0,0.01351351351351351,0.1656441717791411,0.15950920245398773,0.03680981595092025,0.15950920245398773,0.012269938650306749,0.12883435582822078,0.0,0.09999999999999996,0.0,0.044444444444444446,0.0,0.05555555555555555,107.88764044943818,108.78082191780821,0.0,2.0,0.0,2.0,0.0,1.0
164,2.0,1.0,0.9391256616176898,0.963911616266905,0.06593406593406594,0.14864864864864866,0.07317073170731705,0.23170731707317074,0.0,0.01351351351351351,0.17073170731707316,0.15853658536585366,0.036585365853658534,0.15853658536585366,0.012195121951219513,0.1280487804878048,0.0,0.09890109890109887,0.0,0.04395604395604396,0.0,0.054945054945054944,107.63333333333331,108.78082191780821,3.0,0.0,2.0,0.0,1.0,0.0
165,2.0,1.0,0.9444400304189438,0.9637941452566771,0.06521739130434782,0.14864864864864866,0.07272727272727271,0.23030303030303031,0.0,0.01351351351351351,0.17575757575757572,0.15757575757575756,0.03636363636363636,0.15757575757575756,0.012121212121212121,0.12727272727272718,0.0,0.0978260869565217,0.0,0.043478260869565216,0.0,0.05434782608695652,107.45054945054943,108.78082191780821,2.0,0.0,2.0,0.0,1.0,0.0
166,2.0,2.0,0.9578367752672219,0.9641329847178024,0.06521739130434782,0.14666666666666667,0.07228915662650601,0.2289156626506024,0.0,0.01333333333333333,0.17469879518072284,0.15662650602409636,0.03614457831325301,0.16265060240963852,0.012048192771084338,0.13253012048192764,0.0,0.0978260869565217,0.0,0.043478260869565216,0.0,0.05434782608695652,107.45054945054943,108.95945945945945,0.0,2.0,0.0,2.0,0.0,2.0
